authorid,author_name,resource_title,resource_month,resource_day,resource_year,resource_url,resource_source,comments
acesaire,Aimé Césaire,LES DROITS FONDAMENTAUX DANS L'OEUVRE POETIQUE D'AIME CESAIRE,March,27,2009,http://manioc.org/fichiers/HASH8c194718627a0bf3093c78,dloc,seems to be something called manoic not sure if it is related to dloc
acesaire,Aimé Césaire,Cultural honours for six greats,Juy,12,1981,https://www.dloc.com/CA00100104/00001/images,dloc,
acesaire,Aimé Césaire,Migrant Textuality: On the fields of Aime Cesaire's Et les cheins taisaient,,,2012,https://www.dloc.com/AA00037912/00001/pdf,dloc,
acesaire,Aimé Césaire,Honours roll,,,1981,https://www.dloc.com/CA00100035/00001/images,dloc,
acesaire,Aimé Césaire,"Entre Nous: Aime Cesaire, «Le dire et le faire»",November,28,1999,https://www.dloc.com/AA00074623/00001/audios,dloc,
acesaire,Aimé Césaire,Jean Dominique sur Aime Cesaire: «Le dire et le faire»,November,1,1999,https://www.dloc.com/AA00073025/00001/audios,dloc,
acesaire,Aimé Césaire,Jean-Bertrand Aristide,January,,1991,https://www.dloc.com/AA00075856/00001/audios,dloc,
acesaire,Aimé Césaire,"Le Progressiste
organe du Parti progressiste martiniquais",June,18,2008,https://www.dloc.com/AA00053606/01439/images,dloc,
acesaire,Aimé Césaire,Instantanes Aime Cesaire : avec Romuald Fonkoua,,,,https://www.dloc.com/MANIOC1170/00001/,dloc,
acesaire,Aimé Césaire,"Le Progressiste
organe du Parti progressiste martiniquais",July,2,2008,https://www.dloc.com/AA00053606/01441/images,dloc,
acesaire,Aimé Césaire,"Le Progressiste
organe du Parti progressiste martiniquais",April,23,2008,https://www.dloc.com/AA00053606/01432/images,dloc,
acarpentier,Alejo Carpentier,"Afro-Cuban religious experience
cultural reflections in narrative",,,,https://www.dloc.com/AA00061989/00001/pdf,dloc,
acarpentier,Alejo Carpentier,Paisaje e historia emancipatoria del caribe en la narrativa de Alejo Carpentier,,,,http://www.manioc.org/fichiers/HASH96dc8a29b8adb6ac4749c1,dloc,seems to be something called manoic not sure if it is related to dloc
acarpentier,Alejo Carpentier,Caribbean Quarterly,December,,1975,https://www.dloc.com/UF00099208/00169/images,dloc,"Access to this item is restricted to UF students, faculty, and staff"
acarpentier,Alejo Carpentier,Teaching Guide for Alejo Carpentier’s The Kingdom of This World,,,2008,https://www.dloc.com/UF00090232/00001/images,dloc,
acarpentier,Alejo Carpentier,"Alejo Carpentier's ""The kingdom of this world"" and the spectral voice of communal consciousness",,,,https://www.dloc.com/UFE0013405/00001/images,dloc,
acarpentier,Alejo Carpentier,Caribbean Quarterly,March,,2009,https://www.dloc.com/UF00099208/00093/images,dloc,
ahmendes,Alfred Hubert Mendes,Pitch lake : a story from Trinidad,,,1980,https://www.dloc.com/AA00030617/00001/images,dloc,
ahmendes,Alfred Hubert Mendes,Black fauns,,,1984,https://www.dloc.com/AA00030616/00001/images,dloc,
asalkey,Andrew Salkey,Jamaica,,,,https://www.dloc.com/AA00069323/00001/,dloc,
asalkey,Andrew Salkey,Havana journal,,,1971,https://www.dloc.com/AA00030188/00001/images,dloc,
asalkey,Andrew Salkey,West Indian stories,,,1960,https://www.dloc.com/AA00030490/00001/images,dloc,
asalkey,Andrew Salkey,Stories from the Caribbean : an anthology,,,1965,https://www.dloc.com/AA00030478/00001/images,dloc,
asalkey,Andrew Salkey,The adventures of Catullus Kelly,,,1969,https://www.dloc.com/AA00030575/00001/images,dloc,
asalkey,Andrew Salkey,Danny Jones,,,1980,https://www.dloc.com/AA00030577/00001/images,dloc,
asalkey,Andrew Salkey,Anancy's score,,,1973,https://www.dloc.com/AA00030576/00001/images,dloc,
asalkey,Andrew Salkey,Escape to an autumn pavement ,,,1960,https://www.dloc.com/AA00030580/00001/images,dloc,
asalkey,Andrew Salkey,Caribbean prose : An Anthology for Secondary Schools,,,1967,https://www.dloc.com/AA00030342/00001/images,dloc,
asalkey,Andrew Salkey,Caribbean essays : an anthology,,,,https://www.dloc.com/AA00030474/00001/images,dloc,
asalkey,Andrew Salkey,Riot,,,1967,https://www.dloc.com/AA00030588/00001/images,dloc,
asalkey,Andrew Salkey,Island voices : stories from the West Indies,,,1970,https://www.dloc.com/AA00030583/00001/images,dloc,
asalkey,Andrew Salkey,The late emancipation of Jerry Stover,,,1968,https://www.dloc.com/AA00030586/00001/images,dloc,
asalkey,Andrew Salkey,A quality of violence,,,1959,https://www.dloc.com/AA00030587/00001/images,dloc,
asalkey,Andrew Salkey,Breaklight : an anthology of Caribbean poetry,,,1971,https://www.dloc.com/AA00030696/00001/images,dloc,
asalkey,Andrew Salkey,"Writing in Cuba since the Revolution : an anthology of poems, short stories, and essays",,,1977,https://www.dloc.com/AA00030375/00001/images,dloc,
asalkey,Andrew Salkey,Jonah Simpson,,,1969,https://www.dloc.com/AA00030585/00001/images,dloc,
asalkey,Andrew Salkey,Hurricane,,,1964,https://www.dloc.com/AA00030581/00001/images,dloc,
asalkey,Andrew Salkey,Earthquake,,,1965,https://www.dloc.com/AA00030579/00001/images,dloc,
asalkey,Andrew Salkey,Drought,,,1966,https://www.dloc.com/AA00030578/00001/images,dloc,
acwinkler,Anthony C. Winkler,Jamaica journal,,,2015,https://www.dloc.com/UF00090030/00091/images,dloc,
acwinkler,Anthony C. Winkler,Caribbean review of books,August,,1992,https://www.dloc.com/UF00094097/00005/images,dloc,
acwinkler,Anthony C. Winkler,"Sargasso, A Journal of Caribbean Literature, Language, and Culture",,,2006,https://www.dloc.com/UF00096005/00019/images,dloc,
acwinkler,Anthony C. Winkler,Caribbean Compass,October,,2016,https://www.dloc.com/UF00095627/00116/pdf,dloc,
acwinkler,Anthony C. Winkler,"Sargasso, A Journal of Caribbean Literature, Language, and Culture",,,2007,https://www.dloc.com/UF00096005/00035/images,dloc,
abenitezrojo,Antonio Benitez Rojo,Caribbean Quarterly,March,,2000,https://www.dloc.com/UF00099208/00067/images,dloc,"Access to this item is restricted to UF students, faculty, and staff"
abenitezrojo,Antonio Benitez Rojo,"Sargasso, A Journal of Caribbean Literature, Language, and Culture",,,1984,https://www.dloc.com/UF00096005/00017/images,dloc,
abenitezrojo,Antonio Benitez Rojo,Caribe 2000,,,1997,https://www.dloc.com/UF00102126/00001/images,dloc,
abenitezrojo,Antonio Benitez Rojo,"Afro-Cuban religious experience
cultural reflections in narrative",,,,https://www.dloc.com/AA00061989/00001/pdf,dloc,
alhendriks,Arthur Lemiere Hendriks,The Independence anthology of Jamaican literature,,,1962,https://www.dloc.com/AA00004572/00001/images,dloc,
alhendriks,Arthur Lemiere Hendriks,On this mountain : and other poems,,,1965,https://www.dloc.com/AA00030436/00001/images,dloc,
alhendriks,Arthur Lemiere Hendriks,The naked ghost : and other poems,,,1984,https://www.dloc.com/AA00030435/00001/images,dloc,
alhendriks,Arthur Lemiere Hendriks,The islanders and other poems,,,1983,https://www.dloc.com/AA00030432/00001/images,dloc,
alorde,Audre Lorde,Mapping LGBT Caribbean Literature,,,2014,https://www.dloc.com/AA00035150/00001/pdf,dloc,
alorde,Audre Lorde,"Sargasso, A Journal of Caribbean Literature, Language, and Culture",,,2014,https://www.dloc.com/UF00096005/00046/images,dloc,
alorde,Audre Lorde,"CONSUMING IDENTITIES: CROSSCURRENTS OF TOURISM, DIASPORA, AND
MOBILITY IN CARIBBEAN LITERATURE AND CULTURE",,,2008,https://www.dloc.com/UFE0022501/00001/pdf,dloc,
alorde,Audre Lorde,MaComère,,,2001,https://www.dloc.com/AA00000079/00005/images,dloc,
alorde,Audre Lorde,"In Another Place, Not Here: A Reappropriation of Caribbean Nationalism",,,2003,https://www.dloc.com/UFE0000764/00001/images,dloc,
alorde,Audre Lorde,Our Caribbean: a gathering of lesbian and gay writing from the Antilles,,,2009,https://www.dloc.com/AA00000014/00001/images,dloc,
alorde,Audre Lorde,GFM Archive : Brochure for glad day book shop,,,1979,https://www.dloc.com/AA00001471/00001/images,dloc,
alorde,Audre Lorde,Revue,March,,2017,https://www.dloc.com/UF00094132/00117/pdf,dloc,
alorde,Audre Lorde,Caribbean review of books,Feburary,,1992,https://www.dloc.com/UF00094097/00003/images,dloc,
alorde,Audre Lorde,The Caribbean writer,,,1997,https://www.dloc.com/AA00032523/00007/images,dloc,
alorde,Audre Lorde,The Tribune,May,13,2008,https://www.dloc.com/UF00084249/01024/images,dloc,
alorde,Audre Lorde,Caribbean Review,,,1983,https://www.dloc.com/UF00095576/00001/images,dloc,
alorde,Audre Lorde,Nieuwe West-Indische gids,,,1960,https://www.dloc.com/UF00099461/00114/pdf,dloc,
alorde,Audre Lorde,The Caribbean writer,,,1992,https://www.dloc.com/AA00032523/00006/images,dloc,
aclarke,Austin Clarke,Growing up stupid under the Union Jack,,,1980,https://www.dloc.com/AA00030456/00001/images,dloc,
aclarke,Austin Clarke,The meeting point,,,1967,https://www.dloc.com/AA00030506/00001/images,dloc,
aclarke,Austin Clarke,Amongst thistles and thorn,,,1965,https://www.dloc.com/AA00030455/00001/images,dloc,
aclarke,Austin Clarke,The survivors of the crossing,,,1964,https://www.dloc.com/AA00030508/00001/images,dloc,
aclarke,Austin Clarke,Storm of fortune : a novel,,,1973,https://www.dloc.com/AA00030507/00001/images,dloc,
aclarke,Austin Clarke,Orality in Austin Clarke's short stories,,,2000,https://www.dloc.com/CA00400222/00001/images,dloc,
aclarke,Austin Clarke,Authors lining up for CARIFESTA : list of top 100 Caribbean books to be compiled,,,,https://www.dloc.com/CA00100565/00001/images,dloc,
blalla,Barbara Lalla,Listing of Caribbean Titles,,,2010,https://www.dloc.com/AA00013173/00001/pdf,dloc,
blalla,Barbara Lalla,Caribbean Compass,January,,2017,https://www.dloc.com/UF00095627/00119/pdf,dloc,
blalla,Barbara Lalla,UWI today,Feburary,9,2020,https://www.dloc.com/UF00094180/00121/pdf,dloc,
blalla,Barbara Lalla,Caribbean beat,July,,2021,https://www.dloc.com/AA00090268/00059/pdf,dloc,
bgilroy,Beryl Gilroy,MaComère,,,1998,https://www.dloc.com/AA00000079/00002/images,dloc,
bgilroy,Beryl Gilroy,MaComère,,,2001,https://www.dloc.com/AA00000079/00005/images,dloc,
bgilroy,Beryl Gilroy,The Caribbean writer,,,1988,https://www.dloc.com/AA00032523/00002/images,dloc,
bgilroy,Beryl Gilroy,Guyana chronicle,Feburary,27,2005,https://www.dloc.com/UF00088915/00007/images,dloc,
bgilroy,Beryl Gilroy,The Caribbean writer,,,1998,https://www.dloc.com/AA00032523/00012/images,dloc,
bgilroy,Beryl Gilroy,Woman version,,,1993,https://www.dloc.com/AA00052865/00001/images,dloc,
bgilroy,Beryl Gilroy,Caribbean review,,,1990,https://www.dloc.com/UF00095576/00007/images,dloc,
bgilroy,Beryl Gilroy,Kyk-over-Al,,,2000,https://www.dloc.com/UF00080046/00025/images,dloc,
bgilroy,Beryl Gilroy,Guyana chronicle,October,15,2006,https://www.dloc.com/UF00088915/00218/images,dloc,
bgilroy,Beryl Gilroy,Guyana chronicle,March,11,2007,https://www.dloc.com/UF00088915/00238/images,dloc,
bbyrne,Bonifacio Byrne,De mi jardín interior,,,1933,https://www.dloc.com/AA00088159/00001/images,dloc,
bbyrne,Bonifacio Byrne,Seleccion poetica,,,1942,https://www.dloc.com/AA00058344/00001/images,dloc,
bbyrne,Bonifacio Byrne,En medio del camino ,,,1914,https://www.dloc.com/AA00077699/00001/images,dloc,
bbyrne,Bonifacio Byrne,Diario de sesiones del Congreso de la Républica de Cuba,,,1902,https://www.dloc.com/UF00015180/00655/images,dloc,
bbyrne,Bonifacio Byrne,Anales del Grupo Indice,,,1936,https://www.dloc.com/AA00085646/00001/images,dloc,
bbyrne,Bonifacio Byrne,Matanzas y sus poetas,,,1939,https://www.dloc.com/AA00089813/00001/images,dloc,
bbyrne,Bonifacio Byrne,Anuario bibliografico cubano,,,1943,https://www.dloc.com/AA00063578/00017/images,dloc,
bbyrne,Bonifacio Byrne,Anuario bibliografico cubano,,,1942,https://www.dloc.com/AA00063578/00016/images,dloc,
bbyrne,Bonifacio Byrne,Diario de sesiones del Congreso de la Républica de Cuba,,,1902,https://www.dloc.com/UF00015180/00657/images,dloc,
bbyrne,Bonifacio Byrne,... Cultura cubana ,,,1919,https://www.dloc.com/AA00059285/00001/images,dloc,
bbyrne,Bonifacio Byrne,Ahora!,,,2014,https://www.dloc.com/UF00098942/00551/pdf,dloc,
bbyrne,Bonifacio Byrne,Panorama histórico de la literatura cubana,,,1963,https://www.dloc.com/UF00074137/00001/images,dloc,
bbyrne,Bonifacio Byrne,Revista de Cayo Hueso,July,24,1898,https://www.dloc.com/AA00046724/00037/images,dloc,
bbyrne,Bonifacio Byrne,Epocas y contenidos de la Revista de la Biblioteca Nacional de Cuba,,,2009,https://www.dloc.com/AA00019221/00001/pdf,dloc,
brennie,Bukka Rennie,UWI today,November,4,2018,https://www.dloc.com/UF00094180/00109/pdf,dloc,
brennie,Bukka Rennie,A report on the holdings of the University of Florida Libraries relating to the English-speaking countries of the Caribbean,,,1982,https://www.dloc.com/AA00062339/00001/images,dloc,
clrjames,C. L. R. James,Convention appraisal,May,12,1960,https://www.dloc.com/UF00016601/00001/images,dloc,
clrjames,C. L. R. James,Consequences of class and color; West Indian perspectives,,,1973,https://www.dloc.com/AA00030267/00001/images/1,dloc,
clrjames,C. L. R. James,Caribbean essays : an anthology,,,1973,https://www.dloc.com/AA00030474/00001/images,dloc,
clrjames,C. L. R. James,Party politics in the West Indies,,,1962,https://www.dloc.com/AA00030305/00001/images,dloc,
clrjames,C. L. R. James,At the rendezvous of victory : selected writings,,,1984,https://www.dloc.com/AA00030611/00001/images,dloc,
clrjames,C. L. R. James,Minty Alley,,,1971,https://www.dloc.com/AA00030612/00001/images,dloc,
clrjames,C. L. R. James,"Teaching Guide: In teaching C.L.R. James’ “Minty Alley”: Tricksters, Intellectuals and the Folk",,,2007,https://www.dloc.com/UF00076716/00001/images,dloc,
colabra,Carilda Oliver Labra,The Caribbean writer,,,1991,https://www.dloc.com/AA00032523/00005/images,dloc,
colabra,Carilda Oliver Labra,Anuario bibliografico cubano,,,1943,https://www.dloc.com/AA00063578/00017/images,dloc,
colabra,Carilda Oliver Labra,Bohemia,Feburary,6,2004,https://www.dloc.com/UF00029010/04573/pdf,dloc,
colabra,Carilda Oliver Labra,"Arique, revista de poesia",July,,2010,https://www.dloc.com/UF00098948/00018/pdf,dloc,
colabra,Carilda Oliver Labra,Adelante,August,19,2017,https://www.dloc.com/AA00054323/00055/pdf,dloc,
colabra,Carilda Oliver Labra,"Arique, revista de poesia",August,,2019,https://www.dloc.com/UF00098948/00042/pdf,dloc,
colabra,Carilda Oliver Labra,Vanguardia,March,16,2019,https://www.dloc.com/AA00054324/00251/pdf,dloc,
colabra,Carilda Oliver Labra,Bohemia,January,15,1988,https://www.dloc.com/UF00029010/04006/pdf,dloc,
cloveira,Carlos Loveira,Generales y doctores,,,1920,https://www.dloc.com/AA00059357/00001/images,dloc,
cloveira,Carlos Loveira,Tendencias de la narracion imaginativa en Cuba,,,1935,https://www.dloc.com/UF00078289/00001/images,dloc,
cloveira,Carlos Loveira,Los inmorales: (novela),,,1919,https://www.dloc.com/FSU0000012/00001/downloads,dloc,There are no files available for download
cphillips,Caryl Phillips,The final passage,,,1985,https://www.dloc.com/AA00030638/00001/images,dloc,
cphillips,Caryl Phillips,"Scenes of Trauma: Violent Rites, Migration and the Performance of Afro-Caribbean Masculinities",,,2010,https://www.dloc.com/UFE0041623/00001/images,dloc,
cphillips,Caryl Phillips,The Caribbean writer,,,1995,https://www.dloc.com/AA00032523/00009/images/4,dloc,
cphillips,Caryl Phillips,The Caribbean writer,,,1997,https://www.dloc.com/AA00032523/00011/images,dloc,
cphillips,Caryl Phillips,The Caribbean writer,,,1998,https://www.dloc.com/AA00032523/00012/images,dloc,
cphillips,Caryl Phillips,"Sargasso, A Journal of Caribbean Literature, Language, and Culture",,,2002,https://www.dloc.com/UF00096005/00011/images,dloc,
cphillips,Caryl Phillips,Caribbean review of books,November,,1991,https://www.dloc.com/UF00094097/00002/images,dloc,
cphillips,Caryl Phillips,The Caribbean writer,,,1988,https://www.dloc.com/AA00032523/00002/images,dloc,
cwerleigh,Christian Werleigh,Le Matin,January ,9,1928,https://www.dloc.com/UF00081213/04656/images,dloc,
cwerleigh,Christian Werleigh,Nouvelliste,January ,22,1953,https://www.dloc.com/UF00000081/08108/images,dloc,
cwerleigh,Christian Werleigh,Nouvelliste,January ,31,1979,https://www.dloc.com/UF00000081/10304/images,dloc,
cwerleigh,Christian Werleigh,Le Matin,December,17,1932,https://www.dloc.com/UF00081213/07181/images,dloc,
cwerleigh,Christian Werleigh,Le Matin,September,12,1928,https://www.dloc.com/UF00081213/04797/images,dloc,
cwerleigh,Christian Werleigh,Le Matin,December,29,1928,https://www.dloc.com/UF00081213/04884/images,dloc,
cwerleigh,Christian Werleigh,Nouvelliste,March,20,1959,https://www.dloc.com/UF00000081/10971/images,dloc,
cwerleigh,Christian Werleigh,La route ensoleillée,,,1927,https://www.dloc.com/UF00102981/00001/images/4,dloc,
cvillaverde,Cirilo Villaverde,La joven Cuba,,,1890,https://www.dloc.com/AA00068827/00002/images,dloc,
cvillaverde,Cirilo Villaverde,"Cecilia Valdes o, La Loma del Angel",,,1964,https://www.dloc.com/UF00074140/00001/images,dloc,
cvillaverde,Cirilo Villaverde,La joven Cuba,,,1889,https://www.dloc.com/AA00068827/00001/images,dloc,
cvillaverde,Cirilo Villaverde,El penitente,,,1925,https://www.dloc.com/AA00089841/00001/images,dloc,
ctmorell,Claribel Terré Morell,Bohemia,December,11,1992,https://www.dloc.com/UF00029010/04262/pdf,dloc,
ctmorell,Claribel Terré Morell,Bohemia,July,8,1994,https://www.dloc.com/UF00029010/04321/pdf,dloc,
ctmorell,Claribel Terré Morell,Bohemia,December,25,1992,https://www.dloc.com/UF00029010/04264/pdf,dloc,
ctmorell,Claribel Terré Morell,Bohemia,June,26,1992,https://www.dloc.com/UF00029010/04238/pdf,dloc,
cmckay,Claude McKay,Constab ballads,,,1912,https://www.dloc.com/AA00011612/00001/images,dloc,
cmckay,Claude McKay,Selected poems of Claude McKay,,,1953,https://www.dloc.com/AA00030702/00001/images,dloc,
cmckay,Claude McKay,Harlem shadows,,,1922,https://www.dloc.com/AA00012099/00001/images,dloc,
cmckay,Claude McKay,Songs of Jamaica,,,1912,https://www.dloc.com/AA00011909/00001/images,dloc,
cmckay,Claude McKay,Claude McKay's early poetry (1911-1922),,,1911,https://www.dloc.com/AA00062236/00001/downloads,dloc,There are no files available for download
cmckay,Claude McKay,"Teaching Guide: Reading Migration, Sexuality, and the Urban Folk: Discussion Questions for Claude McKay’s Home to Harlem",,,2007,https://www.dloc.com/UF00076717/00001/images,dloc,
cmckay,Claude McKay,Gendering America: Caribbean Writers and the American Dream,,,2007,https://www.dloc.com/UFE0021235/00001/pdf,dloc,
cmckay,Claude McKay,Anti-Assimilationist Politics in Nella Larsen's Quicksand and Claude McKay's Home to Harlem and Banjo,,,2008,https://www.dloc.com/UFE0022170/00001/images,dloc,
cmckay,Claude McKay,Alternative Sexualities and Resistance Narratives in the Novels of Claude McKay,,,2008,https://www.dloc.com/UFE0022230/00001/images,dloc,
cmckay,Claude McKay,Harlem Shadow: An Electronic Edition,,,1922,https://www.dloc.com/AA00037835/00001/downloads,dloc,There are no files available for download
cmckay,Claude McKay,Caribbean Quarterly,March,,1992,https://www.dloc.com/UF00099208/00045/images,dloc,"Access to this item is restricted to UF students, faculty, and staff"
cmckay,Claude McKay,The Creative Writer and West Indian society,,,1981,https://www.dloc.com/AA00035010/00001/pdf,dloc,
cmckay,Claude McKay,Caribbean Quarterly,March,,1988,https://www.dloc.com/UF00099208/00035/images,dloc,"Access to this item is restricted to UF students, faculty, and staff"
cmckay,Claude McKay,"The Digital Library of the Caribbean and Digital Humanities: Opportunities and Resources for Research, Teaching, and Collaboration",March,,2018,https://www.dloc.com/AA00062358/00001/pdf,dloc,
cmckay,Claude McKay,Caribbean beat,November,,2022,https://www.dloc.com/AA00090268/00067/pdf,dloc,
cmckay,Claude McKay,Nieuwe West-Indische gids,,,1960,https://www.dloc.com/UF00099461/00120/pdf,dloc,
cmckay,Claude McKay,Anthology of the poetry of the West Indies,,,1950,https://www.dloc.com/CA01300005/00001/images,dloc,
cmckay,Claude McKay,The Independence anthology of Jamaican literature,,,1962,https://www.dloc.com/AA00004572/00001/images,dloc,
cmckay,Claude McKay,Caribbean review of books,August,,1992,https://www.dloc.com/UF00094097/00005/images,dloc,
cmckay,Claude McKay,Caribbean Quarterly,,,1957,https://www.dloc.com/UF00099208/00115/images,dloc,
cdebrot,Cola Debrot,Observador,September,12,1962,https://www.dloc.com/AA00011435/00032/images,dloc,
cdebrot,Cola Debrot,Observador,January,9,1963,https://www.dloc.com/AA00011435/00048/images,dloc,
cdebrot,Cola Debrot,Observador,September,19,1962,https://www.dloc.com/AA00011435/00033/images,dloc,
cnyoung,Colville N Young,Capital Culture presents,September,15,,https://www.dloc.com/AA00064442/00001/images,dloc,
cnyoung,Colville N Young,Capital Culture presents,Decemeber,11,2010,https://www.dloc.com/AA00064442/00002/images,dloc,
cforbes,Curdella Forbes,Caribbean Quarterly,March,,2000,https://www.dloc.com/UF00099208/00067/images,dloc,"Access to this item is restricted to UF students, faculty, and staff"
cforbes,Curdella Forbes,Listing of Caribbean Titles 2005,,,2011,https://www.dloc.com/AA00013261/00001/pdf,dloc,
cforbes,Curdella Forbes,Caribbean Quarterly,March,,2006,https://www.dloc.com/UF00099208/00084/images,dloc,"Access to this item is restricted to UF students, faculty, and staff"
cforbes,Curdella Forbes,Caribbean Quarterly,June,,2004,https://www.dloc.com/UF00099208/00084/images,dloc,"Access to this item is restricted to UF students, faculty, and staff"
cforbes,Curdella Forbes,Caribbean Quarterly,March,,2004,https://www.dloc.com/UF00099208/00077/images,dloc,"Access to this item is restricted to UF students, faculty, and staff"
crwilliams,Cynric R. Williams,"A tour through the island of Jamaica
from the Western to the eastern end in the year 1823",,,1826,https://www.dloc.com/AA00063317/00001/downloads,dloc,There are no files available for download
crwilliams,Cynric R. Williams,"Hamel, the Obeah man",,,1827,https://www.dloc.com/AA00012104/00001/pdf,dloc,
crwilliams,Cynric R. Williams,From Slave Ship to Citizenship,,,2013,https://www.dloc.com/UFE0045839/00001/pdf,dloc,
cdabydeen,Cyril Dabydeen,The Caribbean writer,,,2001,https://www.dloc.com/AA00032523/00015/images,dloc,
cdabydeen,Cyril Dabydeen,Kyk-over-Al,December,,1988,https://www.dloc.com/UF00080046/00027/images,dloc,
cdabydeen,Cyril Dabydeen,Guyana chronicle,June,25,2006,https://www.dloc.com/UF00088915/00203/images,dloc,
cdabydeen,Cyril Dabydeen,Caribbean Quarterly,December,,1991,https://www.dloc.com/UF00099208/00044/images,dloc,"Access to this item is restricted to UF students, faculty, and staff"
cdabydeen,Cyril Dabydeen,Kyk-over-Al,December,,1995,https://www.dloc.com/UF00080046/00033/images,dloc,
cdabydeen,Cyril Dabydeen,Caribbean today,October,,2008,https://www.dloc.com/UF00099285/00031/images,dloc,
cepalmer,Cyril Everard Palmer,The cloud with the silver lining,,,1966,https://www.dloc.com/AA00030561/00001/images,dloc,
cepalmer,Cyril Everard Palmer,The sun salutes you,,,1970,https://www.dloc.com/AA00030563/00001/images,dloc,
cepalmer,Cyril Everard Palmer,The wooing of Beppo Tate,,,1972,https://www.dloc.com/AA00030564/00001/images,dloc,
cepalmer,Cyril Everard Palmer,Big Doc Bitteroot,,,1968,https://www.dloc.com/AA00030560/00001/images,dloc,
cepalmer,Cyril Everard Palmer,The hummingbird people,,,1971,https://www.dloc.com/AA00030562/00001/images,dloc,
cepalmer,Cyril Everard Palmer,Baba and Mr. Big,,,1972,https://www.dloc.com/AA00030559/00001/images,dloc,
dpicouly,Daniel Picouly,Caribbean Quarterly,March,,2009,https://www.dloc.com/UF00099208/00093/images,dloc,
dpicouly,Daniel Picouly,Journal de Saint-Barth,September,27,2018,https://www.dloc.com/UF00095774/00615/pdf,dloc,
dlaferrière,Dany Laferrière,"Face a l'Opinion: Dany Laferriere, Litterature (2)",October,25,1999,https://www.dloc.com/AA00072491/00001/downloads,dloc,
dlaferrière,Dany Laferrière,"Entre Nous : Dany Laferriere, romancier, sur le marche litteraire a l'etranger",August,2,1995,https://www.dloc.com/AA00073422/00001/downloads,dloc,
dlaferrière,Dany Laferrière,Entre Nous : Gary Victor sur « Albert Buron » et Dany Laferriere sur « Eroshima » (2),April,24,1988,https://www.dloc.com/AA00073313/00001/downloads,dloc,
dlaferrière,Dany Laferrière,"Entre Nous : Dany Laferrière, interview et compte rendu (2)",December,19,1999,https://www.dloc.com/AA00073584/00001/downloads,dloc,
dlaferrière,Dany Laferrière,Haïti en marche,November,16,2005,https://www.dloc.com/UF00098809/00285/images,dloc,
dlaferrière,Dany Laferrière,Entre Nous : « Le Cri des oiseaux fous » de Dany Laferrière (2),July,9,2000,https://www.dloc.com/AA00073605/00001/downloads,dloc,
ddabydeen,David Dabydeen,A reader's guide to West Indian and Black British literature,,,1988,https://www.dloc.com/AA00030466/00001/images,dloc,
ddabydeen,David Dabydeen,Caribbean publishing house long overdue - Dabydeen,,,2008,https://www.dloc.com/CA00100601/00001/images,dloc,
ddabydeen,David Dabydeen,CARIFESTA and culture,,,2008,https://www.dloc.com/CA00100606/00001/images,dloc,
ddabydeen,David Dabydeen,Caribbean Quarterly,Decemeber,,1997,https://www.dloc.com/UF00099208/00061/images,dloc,"Access to this item is restricted to UF students, faculty, and staff"
ddabydeen,David Dabydeen,"Sargasso, A Journal of Caribbean Literature, Language, and Culture",,,1984,https://www.dloc.com/UF00096005/00031/images,dloc,
dscott,Dennis Scott,J'cans bring a 'Dog',,,1981,https://www.dloc.com/CA00100042/00001/images,dloc,
dscott,Dennis Scott,Seven Jamaican poets : an anthology of recent poetry,,,1971,https://www.dloc.com/AA00030529/00001/images,dloc,
dwalcott,Derek Walcott,Derek Walcott coming for CARIFESTA,,,2008,https://www.dloc.com/CA00100709/00001/images,dloc,
dwalcott,Derek Walcott,Derek Walcott also coming for CARIFESTA X - galaxy of stars expected here includes an actress from the television series 'Young and the Restless',,,2008,https://www.dloc.com/CA00100710/00001/images,dloc,
dwalcott,Derek Walcott,"Teaching Guide: Teaching Derek Walcott's ""The Spoiler's Return""",,,2009,https://www.dloc.com/UF00090231/00001/images,dloc,
dwalcott,Derek Walcott,Is Caribbean culture at the crossroads or is it a crossroad culture?,,,2008,https://www.dloc.com/CA00100664/00001/images,dloc,
dwalcott,Derek Walcott,Selected poems,,,1964,https://www.dloc.com/AA00030414/00001/images,dloc,
dwalcott,Derek Walcott,The castaway : and other poems,,,1965,https://www.dloc.com/AA00030415/00001/images,dloc,
dwalcott,Derek Walcott,"The gulf, and other poems",,,1969,https://www.dloc.com/AA00030631/00001/images,dloc,
dwalcott,Derek Walcott,Walcott warns against foreign exploitation - CC Press Release 267/2008,,,2008,https://www.dloc.com/CA00100640/00001/images,dloc,
dwalcott,Derek Walcott,Prominent Carib nationals in Guyana for CARIFESTA,,,2008,https://www.dloc.com/CA00100845/00001/images,dloc,
dwalcott,Derek Walcott,CARIFESTA fever catching on,,,2008,https://www.dloc.com/CA00100506/00001/images,dloc,
dwalcott,Derek Walcott,La poetique du paysage chez Derek Walcott,December,9,2010,https://www.dloc.com/MANIOC1062/00001/,dloc,
dwalcott,Derek Walcott,Guyanese diaspora mobilized for CARIFESTA - Secretariat,March,20,2008,https://www.dloc.com/CA00100770/00001/images,dloc,
dwalcott,Derek Walcott,Literary icons cite necessity of arts revival in the C/bean,,,,https://www.dloc.com/CA00100787/00001/images,dloc,
dwalcott,Derek Walcott,"Sargasso, A Journal of Caribbean Literature, Language, and Culture",,,1984,https://www.dloc.com/UF00096005/00037/images,dloc,
dwalcott,Derek Walcott,Tapia,Feburary,27,1977,https://www.dloc.com/UF00072147/00264/images,dloc,
dwalcott,Derek Walcott,UWI today,April,23,2017,https://www.dloc.com/UF00094180/00091/pdf,dloc,
dwalcott,Derek Walcott,The Caribbean writer,,,2000,https://www.dloc.com/AA00032523/00014/images,dloc,
dvnicholson,Desmond V Nicholson,"Blood and Mud: The Naval Hospital and underwater artifacts, English Harbour, Antigua",,,,https://www.dloc.com/AA00061961/00528/pdf,dloc,
dvnicholson,Desmond V Nicholson,"Digging « The grave of the englishman » a preliminary report on excavations at a former British navy hospital cemetery, English Harbour, Antigua WI",,,,https://www.dloc.com/AA00061961/00734/pdf,dloc,
dvnicholson,Desmond V Nicholson,"Prehistoric Basketry From Antigua and Montserrat, Northern Lesser Antilles, West Indies",,,,https://www.dloc.com/AA00061961/00734/pdf,dloc,
dvnicholson,Desmond V Nicholson,Afro-Antiguan Folk Pottery and Emancipation,,,,https://www.dloc.com/AA00061961/00359/pdf,dloc,
dvnicholson,Desmond V Nicholson,Pre-Columbian Seafaring Capabilities in the Lesser Antilles,,,,https://www.dloc.com/AA00061961/00130/pdf,dloc,
djules,Didacus Jules,Official newsletter,September,,2013,https://www.dloc.com/UF00099220/00061/pdf,dloc,
djules,Didacus Jules,The Barbados advocate,August,22,2017,https://www.dloc.com/UF00098964/04488/pdf,dloc,
djules,Didacus Jules,The Barbados advocate,March,19,2021,https://www.dloc.com/UF00098964/05788/pdf,dloc,
djules,Didacus Jules,UWI today,February,3,2019,https://www.dloc.com/UF00094180/00111/pdf,dloc,
djules,Didacus Jules,The Barbados advocate,April,11,2021,https://www.dloc.com/UF00098964/05811/pdf,dloc,
dbrand,Dionne Brand,"""Pinholes of Light"" and ""Men of Stone"": A Review of Dionne Brand's First Play, thirsty",Novemeber,25,2012,https://www.dloc.com/AA00019817/00001/pdf,dloc,
dbrand,Dionne Brand,Uses of literature : the poetry of Dionne Brand (a lecture),,,2012,https://www.dloc.com/AA00019839/00001/videos,dloc,
dbrand,Dionne Brand,"In Another Place, Not Here: A Reappropriation of Caribbean Nationalism",,,2003,https://www.dloc.com/UFE0000764/00001/images,dloc,
dbrand,Dionne Brand,Mapping LGBT Caribbean Literature by Yilin Andre Wang,,,2014,https://www.dloc.com/AA00035150/00001/pdf,dloc,
dbrand,Dionne Brand,Caribbean beat,September,,2019,https://www.dloc.com/AA00090268/00049/pdf,dloc,
elovelace,Earl Lovelace,Earl Lovelace raps with John Agard about... the artist and the people,September,17,1972,https://www.dloc.com/CA00100120/00001/images,dloc,
elovelace,Earl Lovelace,The schoolmaster,,,1968,https://www.dloc.com/AA00030716/00001/images,dloc,
elovelace,Earl Lovelace,The dragon can't dance,,,1979,https://www.dloc.com/AA00030947/00001/images,dloc,
elovelace,Earl Lovelace,Earl Lovelace to lead art discussion Wednesday at Ocean View,August,24,2008,https://www.dloc.com/CA00100737/00001/images,dloc,
elovelace,Earl Lovelace,While gods are falling,,,1965,https://www.dloc.com/AA00030614/00001/images,dloc,
elovelace,Earl Lovelace,The wine of astonishment,,,1982,https://www.dloc.com/AA00030615/00001/images,dloc,
elovelace,Earl Lovelace,Caribbean Quarterly,March,,1999,https://www.dloc.com/UF00099208/00064/images,dloc,"Access to this item is restricted to UF students, faculty, and staff"
elovelace,Earl Lovelace,Horizons : 26th West Indian Literature Conference,,,2007,https://www.dloc.com/CA00299029/00001/images,dloc,
elovelace,Earl Lovelace,Sargasso,,,1984,https://www.dloc.com/UF00096005/00012/images,dloc,
elovelace,Earl Lovelace,"Sargasso, A Journal of Caribbean Literature, Language, and Culture",,,1988,https://www.dloc.com/UF00096005/00025/images,dloc,
elovelace,Earl Lovelace,What they think,September,17,1972,https://www.dloc.com/CA00199625/00001/images,dloc,
elovelace,Earl Lovelace,"Limbo, Literature and All That Jazz: Caribbean Literature",,,2010,https://www.dloc.com/AA00017809/00001/pdf,dloc,
elovelace,Earl Lovelace,Caribbean Quarterly,March,,1988,https://www.dloc.com/UF00099208/00035/images,dloc,"Access to this item is restricted to UF students, faculty, and staff"
elovelace,Earl Lovelace,West Indian social sciences index,,,1974,https://www.dloc.com/UF00072342/00001/images,dloc,
elovelace,Earl Lovelace,Rights and the Wrongs about CARIFESTA,December,29,1972,https://www.dloc.com/CA00199880/00001/images,dloc,
elovelace,Earl Lovelace,"Caribbean creolization
reflections on the cultural dynamics of language, literature, and identity",,,2017,https://www.dloc.com/AA00061374/00001/pdf,dloc,
eamittelholzer,Edgar Austin Mittelholzer,Kyk-over-Al,December,,1995,https://www.dloc.com/UF00080046/00033/images,dloc,
eamittelholzer,Edgar Austin Mittelholzer,Caribbean Quarterly,March,,1995,https://www.dloc.com/UF00099208/00054/images,dloc,
eamittelholzer,Edgar Austin Mittelholzer,Caribbean review,,,1990,https://www.dloc.com/UF00095576/00007/images,dloc,
eclarke,Edith Clarke,My mother who fathered me : a study of the family in three selected communities in Jamaica,,,1957,https://www.dloc.com/AA00030283/00001/images,dloc,
eclarke,Edith Clarke,Caribbean Quarterly,September,,1998,https://www.dloc.com/UF00099208/00063/images,dloc,"Access to this item is restricted to UF students, faculty, and staff"
esaintamand,Edris Saint-Amand,Nouvelliste,April,6,1979,https://www.dloc.com/UF00000081/10360/images,dloc,
esaintamand,Edris Saint-Amand,Étincelles,,,1945,https://www.dloc.com/UF00081370/00001/images,dloc,
ebaugh,Edward Baugh,"Interview with Edward Baugh, 30 January 2018, by Leah Rosenberg",January,30,2018,https://www.dloc.com/AA00067926/00001/pdf,dloc,
ebaugh,Edward Baugh,Is Caribbean culture at the crossroads or is it a crossroad culture?,,,2008,https://www.dloc.com/CA00100664/00001/images,dloc,
ebaugh,Edward Baugh,Seven Jamaican poets : an anthology of recent poetry,,,1971,https://www.dloc.com/AA00030529/00001/images,dloc,
ebaugh,Edward Baugh,Critics on Caribbean literature : readings in literary criticism,,,1978,https://www.dloc.com/AA00030465/00001/images,dloc,
ebaugh,Edward Baugh,"West Indian poetry, 1900-1970 : a study in cultural decolonisation",,,1971,https://www.dloc.com/AA00030469/00001/images,dloc,
ebaugh,Edward Baugh,A tale from the rainforest,,,1988,https://www.dloc.com/AA00030534/00001/images,dloc,
ebaugh,Edward Baugh,Literary icons cite necessity of arts revival in the C/bean,August,26,2008,https://www.dloc.com/CA00100787/00001/images,dloc,
ekbrathwaite,Edward Kamau Brathwaite,CARIFESTA '72,July,23,1976,https://www.dloc.com/CA00100055/00001/images,dloc,
ekbrathwaite,Edward Kamau Brathwaite,Odale's choice written by Kamau Brathwaite,,,2008,https://www.dloc.com/CA00100810/00001/images,dloc,
ekbrathwaite,Edward Kamau Brathwaite,CARIFESTA '72 : Caribbean cultural revolution,October,22,1972,https://www.dloc.com/CA00199875/00001/images,dloc,
ekbrathwaite,Edward Kamau Brathwaite,CARIFESTA '72 : music and dance,November,19,1972,https://www.dloc.com/CA00199879/00001/images,dloc,
ekbrathwaite,Edward Kamau Brathwaite,Poster for CLTR3100 Theorizing Caribbean Culture: Kamau at 90,,,2020,https://www.dloc.com/AA00091539/00001/images,dloc,
ekbrathwaite,Edward Kamau Brathwaite,Festival of Creative Arts of the Caribbean : CARIFESTA '72,October,16,1972,https://www.dloc.com/CA00199874/00001/images,dloc,
ekbrathwaite,Edward Kamau Brathwaite,CARIFESTA '72 : The Presence of Africa in the Caribbean,November,12,1972,https://www.dloc.com/CA00199878/00001/images,dloc,
ekbrathwaite,Edward Kamau Brathwaite,CARIFESTA : from what we were,June,,1999,https://www.dloc.com/CA00100218/00001/images,dloc,
ekbrathwaite,Edward Kamau Brathwaite,"Ancestors : a reinvention of Mother poem, Sun poem, and X/ self",,,2001,https://www.dloc.com/AA00030499/00001/images,dloc,
ekbrathwaite,Edward Kamau Brathwaite,The arrivants : a new world trilogy,,,1973,https://www.dloc.com/AA00030500/00001/images,dloc,
ekbrathwaite,Edward Kamau Brathwaite,Islands,,,1969,https://www.dloc.com/AA00030503/00001/images,dloc,
ekbrathwaite,Edward Kamau Brathwaite,Mother poem,,,1977,https://www.dloc.com/AA00030504/00001/images,dloc,
ekbrathwaite,Edward Kamau Brathwaite,Days & nights,,,1975,https://www.dloc.com/AA00030502/00001/images,dloc,
ekbrathwaite,Edward Kamau Brathwaite,Masks,,,1968,https://www.dloc.com/AA00030422/00001/images,dloc,
ekbrathwaite,Edward Kamau Brathwaite,Rights of passage,,,1967,https://www.dloc.com/AA00030423/00001/images,dloc,
ekbrathwaite,Edward Kamau Brathwaite,New poets from Jamaica : an anthology,,,1979,https://www.dloc.com/AA00030528/00001/images,dloc,
ekbrathwaite,Edward Kamau Brathwaite,Other exiles,,,1975,https://www.dloc.com/AA00030505/00001/images,dloc,
ekbrathwaite,Edward Kamau Brathwaite,Caribbean Quarterly,March,,1988,https://www.dloc.com/UF00099208/00062/images,dloc,"Access to this item is restricted to UF students, faculty, and staff"
ekbrathwaite,Edward Kamau Brathwaite,Black + blues,,,1976,https://www.dloc.com/AA00030501/00001/images,dloc,
ekbrathwaite,Edward Kamau Brathwaite,,,,,,dloc,
edanticat,Edwidge Danticat,Re-Envisioning History,,,2009,https://www.dloc.com/UFE0021390/00001/images,dloc,
edanticat,Edwidge Danticat,"Sargasso, A Journal of Caribbean Literature, Language, and Culture",,,1984,https://www.dloc.com/UF00096005/00015/images,dloc,
edanticat,Edwidge Danticat,"Scarred Bodies, Scarred Writing: The Trauma of Dictatorship and Diaspora in The Dew Breaker  and The Brief Wondorus Life of Oscar Wao",,,2012,https://www.dloc.com/UFE0044706/00001/pdf,dloc,
edanticat,Edwidge Danticat,MaComère,,,2002,https://www.dloc.com/AA00000079/00006/images,dloc,
edanticat,Edwidge Danticat,MaComère,,,2001,https://www.dloc.com/AA00000079/00005/images,dloc,
edanticat,Edwidge Danticat,Edwidge Danticat Lecture Tell Our Stories,July,10,2013,https://www.dloc.com/AA00020200/00001/videos,dloc,
edanticat,Edwidge Danticat,"Limbo, Literature and All That Jazz: Caribbean Literature",,,2010,https://www.dloc.com/AA00017809/00001/pdf,dloc,
edanticat,Edwidge Danticat,FIU's Haiti Initiative: Doing Our Part,,,,https://www.dloc.com/AA00008924/00002/pdf,dloc,
edanticat,Edwidge Danticat,Rosie Gordon-Wallace,March,12,2018,https://www.dloc.com/AA00078569/00001/pdf,dloc,
edanticat,Edwidge Danticat,Caribbean beat,March,,2020,https://www.dloc.com/AA00090268/00052/pdf,dloc,
edanticat,Edwidge Danticat,Caribbean beat,March,,2019,https://www.dloc.com/AA00090268/00046/pdf,dloc,
edanticat,Edwidge Danticat,"Paul Laraque, Tontongi, Edwidge Danticat with Liberation",,,,https://www.dloc.com/AA00079005/00004/images,dloc,
edanticat,Edwidge Danticat,Female Leadership in the 20th and 21st Century Caribbean,,,2019,https://www.dloc.com/AA00019226/00011/pdf,dloc,
epspringer,Eintou Pearl Springer,Symposia the intellectual heart of CARIFESTA,September,7,2006,https://www.dloc.com/CA00100270/00001/images,dloc,
epspringer,Eintou Pearl Springer,CARIFESTA VII 2000 photograph album,,,2000,https://www.dloc.com/CA00100633/00001/images,dloc,
ewalcotthackshaw,Elizabeth Walcott-Hackshaw,UWI today,January,22,2017,https://www.dloc.com/UF00094180/00089/pdf,dloc,
ewalcotthackshaw,Elizabeth Walcott-Hackshaw,Listing of Caribbean Titles 2008,,,2010,https://www.dloc.com/AA00013496/00001/images,dloc,
ewalcotthackshaw,Elizabeth Walcott-Hackshaw,"Narrating Crisis: Rwanda, Haiti , and the poltics of commemoration ",,,2011,https://www.dloc.com/UFE0042730/00001/pdf,dloc,
ewalcotthackshaw,Elizabeth Walcott-Hackshaw,Revolutionary Memories: Celebrating and Commemorating the Haitian Revolution,,,2015,https://www.dloc.com/UFE0049019/00001/pdf,dloc,
ebobadilla,Emilio Bobadilla,Diccionario cubano de seudónimos,,,1922,http://dloc.com/AA00059339/00001/images,dloc,
ebobadilla,Emilio Bobadilla,Colección posthuma publicada por la Academia nacional de artes y letras,,,1914,https://www.dloc.com/AA00059323/00001/images,dloc,
ewilliams,Eric Williams,Inward hunger : the education of a prime minister,,,1969,https://www.dloc.com/AA00030208/00001/images,dloc,
ewilliams,Eric Williams,"Eric Eustace Williams, Archived Web Page",,,2021,https://www.dloc.com/AA00083169/00001/pdf,dloc,
ewilliams,Eric Williams,Capitalism & slavery,,,1944,https://www.dloc.com/AA00030250/00001/images,dloc,
ewilliams,Eric Williams,"From Columbus to Castro : the history of the Caribbean, 1492-1969",,,1970,https://www.dloc.com/AA00030185/00001/images,dloc,
ewilliams,Eric Williams,"The British West Indies at Westminster, 1789-1823 : extracts from the debates in Parliament",,,1970,https://www.dloc.com/AA00030288/00001/images,dloc,
ewilliams,Eric Williams,History of the people of Trinidad and Tobago,August,31,1962,https://www.dloc.com/AA00030206/00001/images,dloc,
ewilliams,Eric Williams,Education in the British West Indies,,,1968,https://www.dloc.com/AA00030326/00001/images,dloc,
ebrodber,Erna Brodber,Consuming Identities,,,2008,https://www.dloc.com/UFE0022501/00001/pdf,dloc,
ebrodber,Erna Brodber,(Re)Producing Cultural Idenitity in the Space of Death,,,2010,https://www.dloc.com/UFE0041826/00001/images,dloc,
ebrodber,Erna Brodber,MaComère,,,2009,https://www.dloc.com/AA00000079/00011/images,dloc,
ebrodber,Erna Brodber,MaComère,,,2006,https://www.dloc.com/AA00000079/00009/images,dloc,
ebrodber,Erna Brodber,"Caribbean creolization
reflections on the cultural dynamics of language, literature, and identity",,,2017,https://www.dloc.com/AA00061374/00001/pdf,dloc,
etrouillot,Evelyne Trouillot,Évelyne Trouillot,August,1,2020,https://www.dloc.com/AA00078945/00001/videos,dloc,
etrouillot,Evelyne Trouillot,Désirée Congo,,,2020,https://www.dloc.com/AA00079157/00001/pdf,dloc,
etrouillot,Evelyne Trouillot,Haïti en marche,August,14,2019,https://www.dloc.com/UF00098809/00883/pdf,dloc,
ffiallo,Fabio Fiallo,Cuentos fragiles,,,1908,https://www.dloc.com/UF00073991/00001/images,dloc,
ffiallo,Fabio Fiallo,Notas acerca de la poesía dominicana,,,1947,https://www.dloc.com/UF00076947/00001/images,dloc,
ffiallo,Fabio Fiallo,Antologia poetica dominicana,,,1951,https://www.dloc.com/AA00089865/00001/images,dloc,
ffiallo,Fabio Fiallo,Dominicanidad de Pedro Henríquez Ureña,,,1947,https://www.dloc.com/UF00078370/00001/images,dloc,
fhibbert,Fernand Hibbert,"Scènes de la vie haïtienne
les thazar",,,1907,https://www.dloc.com/AA00040489/00001/images,dloc,
fhibbert,Fernand Hibbert,Scènes de la vie haïtienne: Romulus,,,1908,https://www.dloc.com/AA00040490/00001/images,dloc,
fhibbert,Fernand Hibbert,La Ronde,,,1901,https://www.dloc.com/BA00000223/00001/images,dloc,
fhibbert,Fernand Hibbert,Le Matin,November,29,1909,https://www.dloc.com/UF00081213/00787/images,dloc,
facollymore,Frank A. Collymore,Notes for a glossary of words and phrases of Barbadian dialect,,,1955,https://www.dloc.com/AA00030350/00001/images,dloc,
facollymore,Frank A. Collymore,Selected poems,,,1971,https://www.dloc.com/AA00030397/00001/images,dloc,
facollymore,Frank A. Collymore,Collected poems,,,1951,https://www.dloc.com/AA00030396/00001/images,dloc,
facollymore,Frank A. Collymore,Honours roll,,,1981,https://www.dloc.com/CA00100035/00001/images,dloc,
facollymore,Frank A. Collymore,Honoring of six great West Indians at Carifesta in Barbados : Builders of our Caribbean house,,,1981,https://www.dloc.com/CA00100040/00001/images,dloc,
fwainwright,Frantz Wainwright,Haïti en marche,June,18,2003,https://www.dloc.com/UF00098809/00168/images,dloc,
fwainwright,Frantz Wainwright,Haïti en marche,November,14,2018,https://www.dloc.com/UF00098809/00844/pdf,dloc,
fdaguiar,Fred D'Aguiar,Kyk-over-Al,December,,1994,https://www.dloc.com/UF00080046/00032/images,dloc,
fdaguiar,Fred D'Aguiar,Horizons : 26th West Indian Literature Conference,March,8,2007,https://www.dloc.com/CA00299029/00001/images,dloc,
fdaguiar,Fred D'Aguiar,The Spectrum : Student Voice of The College of The Bahamas,November,,2006,https://www.dloc.com/CA03399630/00003/images,dloc,
fdaguiar,Fred D'Aguiar,The Caribbean writer,,,1992,https://www.dloc.com/AA00032523/00006/images,dloc,
fdaguiar,Fred D'Aguiar,The Tribune,November,7,2006,https://www.dloc.com/UF00084249/00574/images,dloc,
fmarcelin,Frédéric Marcelin,Propos d'un Haïtien,,,1915,https://www.dloc.com/AA00040491/00001/images,dloc,
fmarcelin,Frédéric Marcelin,Questions haïtiennes,,,1891,https://www.dloc.com/UF00078323/00001/images,dloc,
fmarcelin,Frédéric Marcelin,Haiti et sa Banque nationale,,,1896,https://www.dloc.com/AA00008605/00001/images,dloc,
fmarcelin,Frédéric Marcelin,Le général Nord Alexis,,,1905,https://www.dloc.com/AA00008919/00002/images,dloc,
gdrayton,Geoffrey Drayton,Christopher,,,1959,https://www.dloc.com/AA00030398/00001/images,dloc,
gdrayton,Geoffrey Drayton,Anthology of the poetry of the West Indies,,,1950,https://www.dloc.com/CA01300005/00001/images,dloc,
gphilp,Geoffrey Philp,The Caribbean writer,,,1995,https://www.dloc.com/AA00032523/00009/images,dloc,
gphilp,Geoffrey Philp,The Caribbean writer,,,1994,https://www.dloc.com/AA00032523/00008/images,dloc,
glamming,George Lamming,Honoring of six great West Indians at Carifesta in Barbados : Builders of our Caribbean house,,,1981,https://www.dloc.com/CA00100040/00001/images,dloc,
glamming,George Lamming,Lamming pays tribute to greats,July,20,1981,https://www.dloc.com/CA00100180/00001/images,dloc,
glamming,George Lamming,CARIFESTA and culture,November,1,2008,https://www.dloc.com/CA00100606/00001/images,dloc,
glamming,George Lamming,West Indian social sciences index,,,1974,https://www.dloc.com/UF00072342/00001/images,dloc,
glamming,George Lamming,Caribe 2000,,,1998,https://www.dloc.com/UF00102127/00001/images,dloc,
glamming,George Lamming,W I literature product of political awareness,September,8,1972,https://www.dloc.com/CA00199943/00001/images,dloc,
glamming,George Lamming,Writers' session at Umana Yana : But press ordered to leave meeting,September,6,1972,https://www.dloc.com/CA00199934/00001/images,dloc,
glamming,George Lamming,The Creative Writer and West Indian society : Jamaica 1900-1950,,,1981,https://www.dloc.com/AA00035010/00001/pdf,dloc,
glamming,George Lamming,Anthology of the poetry of the West Indies,,,1950,https://www.dloc.com/CA01300005/00001/images,dloc,
glamming,George Lamming,CARIFESTA book fair highlights similarity of C'bean people,July,29,1981,https://www.dloc.com/CA00100170/00001/images,dloc,
glamming,George Lamming,The emigrants,,,1954,https://www.dloc.com/AA00030514/00001/images,dloc,
glamming,George Lamming,In the castle of my skin,,,1960,https://www.dloc.com/AA00030516/00001/images,dloc,
glamming,George Lamming,In the castle of my skin,,,1953,https://www.dloc.com/AA00030515/00001/images,dloc,
glamming,George Lamming,Natives of my person,,,1972,https://www.dloc.com/AA00030517/00001/images,dloc,
glamming,George Lamming,Of age and innocence,,,1958,https://www.dloc.com/AA00030518/00001/images,dloc,
glamming,George Lamming,Season of adventure,,,1960,https://www.dloc.com/AA00030520/00001/images,dloc,
glamming,George Lamming,Water with berries,,,1971,https://www.dloc.com/AA00030521/00001/images,dloc,
glamming,George Lamming,The pleasures of exile,,,1960,https://www.dloc.com/AA00030519/00001/images,dloc,
glamming,George Lamming,"Sargasso, A Journal of Caribbean Literature, Language, and Culture",,,1986,https://www.dloc.com/UF00096005/00002/images,dloc,
gsylvain,Georges Sylvain,Cric? Crac!,,,1929,https://www.dloc.com/UF00076577/00001/images,dloc,
gsylvain,Georges Sylvain,Dix années de lutte pour la liberté,,,1915,https://www.dloc.com/AA00008908/00001/images,dloc,
gsylvain,Georges Sylvain,Dix années de lutte pour la liberté,,,1915,https://www.dloc.com/AA00008908/00002/images,dloc,
gsylvain,Georges Sylvain,Cric? Crac!,,,1929,https://www.dloc.com/UF00076577/00001/images,dloc,
"
gpicart",Gina Picart,Qubit,March,,2010,https://www.dloc.com/UF00103497/00044/images,dloc,
"
gpicart",Gina Picart,Alma mater,November,,2009,https://www.dloc.com/UF00098943/00046/images,dloc,
"
gpicart",Gina Picart,Qubit,June,,2008,https://www.dloc.com/UF00103497/00035/images,dloc,
gpineau,Gisèle Pineau,Entre Nous : Lilyan Kesteloot sur la litterature africaine francophone ; Ligia Fonseca Ferreira sur la litterature noire au Bresil; Gisele Pineau sur « L'Exil selon Julia »,June,1,1997,https://www.dloc.com/AA00073482/00001/audios,dloc,
gpineau,Gisèle Pineau,Entre Nous : Etonnants Voyageurs (2),March,31,2000,https://www.dloc.com/AA00073596/00001/audios,dloc,
grohlehr,Gordon Rohlehr,"Nieuwe West-Indische gids
KITLV and NWIG",,,,https://www.dloc.com/UF00099461/00122/pdf,dloc,
grohlehr,Gordon Rohlehr,West Indian social sciences index,,,1974,https://www.dloc.com/UF00072342/00001/images,dloc,
grohlehr,Gordon Rohlehr,Caribbean Quarterly,December,,1997,https://www.dloc.com/UF00099208/00061/images,dloc,"Access to this item is restricted to UF students, faculty, and staff"
grohlehr,Gordon Rohlehr,Tapia,July,6,1975,https://www.dloc.com/UF00072147/00169/images,dloc,
grohlehr,Gordon Rohlehr,Creolizing womanhood,January,,2000,https://www.dloc.com/AA00014530/00001/images,dloc,
grohlehr,Gordon Rohlehr,"Scenes of Trauma
Violent Rites, Migration and the Performance of Afro-Caribbean Masculinities",,,2010,https://www.dloc.com/UFE0041623/00001/images,dloc,
gnichols,Grace Nichols,Woman Version : Theoretical Approaches To West Indian Fiction by Women,,,1993,https://www.dloc.com/AA00052865/00001/images,dloc,
gnichols,Grace Nichols,Kyk-over-Al,April,,1987,https://www.dloc.com/UF00080046/00024/images,dloc,
gcinfante,Guillermo Cabrera Infante,Lunes de Revolución,,,1959,https://www.dloc.com/AA00013450/00076/pdf,dloc,
gcinfante,Guillermo Cabrera Infante,Las estaciones de Reinaldo Bragado,,,2012,https://www.dloc.com/AA00010706/00001/pdf,dloc,
gcinfante,Guillermo Cabrera Infante,"Afro-Cuban religious experience
cultural reflections in narrative",,,2017,https://www.dloc.com/AA00061989/00001/pdf,dloc,
gcinfante,Guillermo Cabrera Infante,"Locking the Closet Door: Reformation of the Cuban Man and the Attempt to Eliminate Homosexuality,1950-1962",,,2015,https://www.dloc.com/AA00037360/00001/pdf,dloc,
gcinfante,Guillermo Cabrera Infante,The Children of Cuban exile and their literature,,,1983,https://www.dloc.com/AA00052569/00001/images,dloc,"Access to this item is restricted to UF students, faculty, and staff"
hkhemraj,Harischandra Khemraj,Kyk-over-Al,December,,1995,https://www.dloc.com/UF00080046/00033/images,dloc,
hkhemraj,Harischandra Khemraj,The Caribbean writer,,,2000,https://www.dloc.com/AA00032523/00015/images,dloc,
hkhemraj,Harischandra Khemraj,Guyana chronicle,January,29,2006,https://www.dloc.com/UF00088915/00185/images,dloc,
hsladoo,Harold Sonny Ladoo,Tapia,May,16,1976,https://www.dloc.com/UF00072147/00213/images,dloc,
hsladoo,Harold Sonny Ladoo,Caribbean Quarterly,December,,1991,https://www.dloc.com/UF00099208/00044/images,dloc,"Access to this item is restricted to UF students, faculty, and staff"
hsladoo,Harold Sonny Ladoo,Caribbean beat,September,,2017,https://www.dloc.com/AA00090268/00037/pdf,dloc,
hsladoo,Harold Sonny Ladoo,MaComère,,,2000,https://www.dloc.com/AA00000079/00004/images,dloc,
hsmcdonald,Hazel Simmons-McDonald,Linguistic Apartheid,,,2014,https://www.dloc.com/UFE0046867/00001/pdf,dloc,
hsmcdonald,Hazel Simmons-McDonald,National review,October,17,2009,https://www.dloc.com/UF00098459/00003/images,dloc,
hsmcdonald,Hazel Simmons-McDonald,Caribbean Quarterly,December,,2006,https://www.dloc.com/UF00099208/00086/images,dloc,"Access to this item is restricted to UF students, faculty, and staff"
hsmcdonald,Hazel Simmons-McDonald,Caribbean Quarterly,December,,2007,https://www.dloc.com/UF00099208/00089/images,dloc,"Access to this item is restricted to UF students, faculty, and staff"
hklonaris,Helen Klonaris,Mapping LGBT Caribbean Literature by Yilin Andre Wang,,,2014,https://www.dloc.com/AA00035150/00001/pdf,dloc,
hklonaris,Helen Klonaris,The Tribune,June,25,2005,https://www.dloc.com/UF00084249/00143/images,dloc,
hklonaris,Helen Klonaris,Our Caribbean: a gathering of lesbian and gay writing from the Antilles,,,2008,https://www.dloc.com/AA00000014/00001/images,dloc,
hgdlisser,Herbert George De Lisser,Twentieth century Jamaica,,,1913,https://www.dloc.com/UF00080938/00001/images,dloc,
hgdlisser,Herbert George De Lisser,The Arawak girl,,,1958,https://www.dloc.com/UF00082552/00001/images,dloc,
hgdlisser,Herbert George De Lisser,Representations of women in selected works of Herbert George De Lisser,July,,2013,https://www.dloc.com/AA00039783/00001/pdf,dloc,
hgdlisser,Herbert George De Lisser,Jamaica and the Great War,,,1917,https://www.dloc.com/UF00081175/00001/images,dloc,
hgdlisser,Herbert George De Lisser,Jane's career: a story of Jamaica,,,1913,https://www.dloc.com/CA01000009/00001/images,dloc,
hgdlisser,Herbert George De Lisser,Revenge: A Tale of Old Jamaica,,,1919,https://www.dloc.com/AA00063745/00001/images,dloc,
hpapailler,Hubert Papailler,Contribution a l'alphabetisation : plaquette-souvenir editee par la Secretairerie d'Etat du commerce et de l'industrie,,,1959,https://www.dloc.com/AA00000793/00001/images,dloc,
hpapailler,Hubert Papailler,Loi du 8 décembre 1959 sur l'immigration et l'émigration,December,8,1959,https://www.dloc.com/AA00000721/00001/images,dloc,
hpapailler,Hubert Papailler,Nouvelliste,April,23,1959,https://www.dloc.com/UF00000081/11000/images,dloc,
hpapailler,Hubert Papailler,Nouvelliste,June,8,1959,https://www.dloc.com/UF00000081/11039/images,dloc,
ifulani,Ifeona Fulani,"Interview with Edward Baugh, 30 January 2018, by Leah Rosenberg",January,30,2018,https://www.dloc.com/AA00067926/00001/pdf,dloc,
ifulani,Ifeona Fulani,Caribbean beat,July,,2013,https://www.dloc.com/AA00090268/00012/pdf,dloc,
ifulani,Ifeona Fulani,MaComère,,,2006,https://www.dloc.com/AA00000079/00009/images,dloc,
ikhan,Ismith Khan,The obeah man,,,1964,https://www.dloc.com/AA00030709/00001/images,dloc,
ikhan,Ismith Khan,Caribbean Quarterly,March,,1995,https://www.dloc.com/UF00099208/00054/images,dloc,"Access to this item is restricted to UF students, faculty, and staff"
ikhan,Ismith Khan,"Digital Library of the Caribbean (dLOC): Partners, Platforms, & Practices for Studies of the Caribbean in the Digital Age",September,26,2019,https://www.dloc.com/AA00068846/00003/pdf,dloc,
jwboddamwhetham,J.W. Boddam-Whetham,The Nassau guardian,January,19,1916,https://www.dloc.com/AA00076890/06006/images,dloc,
jwboddamwhetham,J.W. Boddam-Whetham,The Nassau guardian,January,13,1912,https://www.dloc.com/AA00076890/05587/images,dloc,
jwboddamwhetham,J.W. Boddam-Whetham,"Lankesteriana
la revista científica del Jardín Botánico Lankester, Universidad de Costa Rica",August,,2009,https://www.dloc.com/UF00098723/00023/images,dloc,
jroumain,Jacques Roumain,Haiti Kenbe la,January,27,2011,https://www.dloc.com/MANIOC1164/00001/downloads,dloc,
jroumain,Jacques Roumain,"Inter-Actualites Magazine: Hubert de Ronceray, CHISS; essai de Jean-Claude Fignole sur Jacques Roumain et «Gouverneurs de la Rosee»",January,12,1975,https://www.dloc.com/AA00074739/00001/downloads,dloc,
jroumain,Jacques Roumain,"Maurice Faillevic au sujet de l'adaptation de «Gouverneurs de la Rosee», interview Jean L. Dominique",,,1974,https://www.dloc.com/AA00074732/00001/audios,dloc,
jroumain,Jacques Roumain,The Vodou Archive : Curating and sharing the sources of Vodou religion and culture ( UF Enhancing the Humanities Grant Proposal ),November,,2011,https://www.dloc.com/AA00007884/00001/pdf,dloc,
jroumain,Jacques Roumain,Rehabilitation d'un Poete Haitien,,,2010,https://www.dloc.com/UFE0041167/00001/pdf,dloc,
jroumain,Jacques Roumain,"Vodou Class Notes, Version 2",,,,https://www.dloc.com/UF00098958/00003/images,dloc,
jroumain,Jacques Roumain,Entre Nous : Jean Jonassaint sur la litterature haitienne (1),August,11,2002,https://www.dloc.com/AA00073670/00001/audios,dloc,
jroumain,Jacques Roumain,Entre Nous : Jean Jonassaint sur la litterature haitienne (2),August,11,2002,https://www.dloc.com/AA00073671/00001/audios,dloc,
jroumain,Jacques Roumain,Gouverneurs de la rosee (1),,,1972,https://www.dloc.com/AA00071052/00001/audios,dloc,
jroumain,Jacques Roumain,Gouverneurs de la rosee (2),,,1972,https://www.dloc.com/AA00071053/00001/audios,dloc,
jroumain,Jacques Roumain,"Pradel Pompilus sur Louis Joseph Janvier, interview Jean L. Dominique; Gouverneurs de la Rosee (partiel)",,,1972,https://www.dloc.com/AA00074761/00001/audios,dloc,
jsalexis,Jacques Stephen Alexis,Entre Nous: Lettres de Jacques Stephen Alexis (Inedits),April,26,1987,https://www.dloc.com/AA00073280/00001/audios,dloc,
jsalexis,Jacques Stephen Alexis,"Entre Nous: Emission sur Jacques Stephen Alexis, l'ecrivain (1)",,,,https://www.dloc.com/AA00073278/00001,dloc,
jsalexis,Jacques Stephen Alexis,"Entre Nous : Herve Denis, « Nuit vorace » (1)",April,21,1996,https://www.dloc.com/AA00073443/00001/audios,dloc,
jsalexis,Jacques Stephen Alexis,"Entre Nous : Herve Denis, « Nuit vorace » (2)",April,21,1996,https://www.dloc.com/AA00073444/00001/audios,dloc,
jsalexis,Jacques Stephen Alexis,"Face a l'Opinion: Baron Douge, Marques Michel. CENOP (Centre d'encadrement des organisations populaires) (1)",November,3,1999,https://www.dloc.com/AA00072500/00001/audios,dloc,
jsalexis,Jacques Stephen Alexis,"Face a l'Opinion: Baron Douge, Marques Michel. CENOP (Centre d'encadrement des organisations populaires) (2)",November,3,1999,https://www.dloc.com/AA00072501/00001/audios,dloc,
jkincaid,Jamaica Kincaid,Dissimulating Women: Jamaica Kincaid's Annie John and Autobiography of My Mother,,,2005,https://www.dloc.com/UFE0010833/00001/images,dloc,
jkincaid,Jamaica Kincaid,Consuming Identities,,,2008,https://www.dloc.com/UFE0022501/00001/pdf,dloc,
jkincaid,Jamaica Kincaid,Mapping LGBT Caribbean Literature by Yilin Andre Wang,,,2014,https://www.dloc.com/AA00035150/00001/pdf,dloc,
jkincaid,Jamaica Kincaid,The folks as hosts : the grassroots view of tourism,May,,1991,http://dloc.com/CA00400082/00001/images,dloc,
jkincaid,Jamaica Kincaid,"Sargasso, A Journal of Caribbean Literature, Language, and Culture",December,,2005,https://www.dloc.com/UF00096005/00015/images,dloc,
jkincaid,Jamaica Kincaid,"Sargasso, A Journal of Caribbean Literature, Language, and Culture",,,1987,https://www.dloc.com/UF00096005/00003/images,dloc,
jkincaid,Jamaica Kincaid,MaComère,,,2005,https://www.dloc.com/AA00000079/00008/images,dloc,
jkincaid,Jamaica Kincaid,Caribbean review of books,August,,1991,https://www.dloc.com/UF00094097/00001/images,dloc,
jkincaid,Jamaica Kincaid,Caribbean Quarterly,March,,1994,,dloc,"(1) Access to this item is restricted to UF students, faculty, and staff.  (2) Missing DLOC URL"
jamsie,Jamsie,"Star (Roseau, Dominica)",November,15,1969,https://www.dloc.com/UF00072476/00211/images,dloc,
jamsie,Jamsie,"“Hubert & Dora”, by “Jamsie”, published in The Clarion newspaper, Port of Spain, compiled by Lise Winer",,,2018,https://www.dloc.com/AA00064506/00001/pdf,dloc,
jjdominique,Jan J Dominique,"Entre Nous : Jan J. Dominique, « Evasion »",March,24,1996,https://www.dloc.com/AA00073438/00001/audios,dloc,
jjdominique,Jan J Dominique,"Entre Nous : Jan J. Dominique, « Evasion » (1)",March,24,1996,https://www.dloc.com/AA00072955/00001/audios,dloc,
jjdominique,Jan J Dominique,"Entre Nous : Jan J. Dominique, « Evasion » (2)",March,24,1996,https://www.dloc.com/AA00072956/00001/audios,dloc,
jjdominique,Jan J Dominique,"Entre Nous: « Inventer... la Celestine » , J.J. Dominique (1)",Feburary,13,2000,https://www.dloc.com/AA00072959/00001/audios,dloc,
jjdominique,Jan J Dominique,Entèvyou J.J. Dominique nan Radyo Solèy (Nouyòk) sou asasina Jean Dominique ak Radyo Ayiti,April,21,2001,https://www.dloc.com/AA00074338/00001/audios,dloc,
jjdominique,Jan J Dominique,"Entre Nous : « Inventer... la Celestine » , J.J. Dominique (2)",Feburary,13,2000,https://www.dloc.com/AA00072960/00001/audios,dloc,
jjdominique,Jan J Dominique,"Introduction, Michèle Montas et J.J. Dominique, un mois après l'assassinat de Jean Dominique",May,3,2000,https://www.dloc.com/AA00074496/00001/audios,dloc,
jjdominique,Jan J Dominique,Espòt jistis pou Jean Dominique,,,2001,https://www.dloc.com/AA00072593/00001/audios,dloc,
jshinebourne,Janice Shinebourne,Caribbean beat,July,,2020,https://www.dloc.com/AA00090268/00053/pdf,dloc,
jshinebourne,Janice Shinebourne,Kyk-over-Al,April,,1987,https://www.dloc.com/UF00080046/00024/images,dloc,
jbernabé,Jean Bernabé,Variations pour l’ecriture sur la terre et le monde,1,1,2000,https://www.dloc.com/MANIOC3076/00001/downloads,dloc,
jbernabé,Jean Bernabé,Niches langagieres et multilinguisme : introduction a une ecolinguistique des aires creoles,March,5,2010,https://www.dloc.com/MANIOC1113/00001/downloads,dloc,
jbernabé,Jean Bernabé,La notion de douane lexicale et ses consequences sur la problematique de decreolisation,May,5,2010,https://www.dloc.com/MANIOC1231/00001/downloads,dloc,
jbernabé,Jean Bernabé,Niches langagieres et multilinguisme : debat,March,5,2010,https://www.dloc.com/MANIOC1108/00001/downloads,dloc,
jbernabé,Jean Bernabé,La grammaire en rafale du creole,May,28,2010,https://www.dloc.com/MANIOC1042/00001/downloads,dloc,
jbernabé,Jean Bernabé,"Creolisation, contacts de langues et de cultures : approche epistemologique et descriptive d’un mecanisme asymetrique. Debat",Feburary,14,2011,https://www.dloc.com/MANIOC1282/00001/downloads,dloc,
jbernabé,Jean Bernabé,"Creolisation, contacts de langues et de cultures : approche epistemologique et descriptive d’un mecanisme asymetrique",Feburary,14,2011,https://www.dloc.com/MANIOC1274/00001/downloads,dloc,
jbernabé,Jean Bernabé,Guadeloupe et Martinique : un survol sociolinguistique,June,14,2007,https://www.dloc.com/MANIOC3058/00001/downloads,dloc,
jbreeze,Jean Breeze,Caribbean Quarterly,December,,1997,https://www.dloc.com/UF00099208/00061/images,dloc,"Access to this item is restricted to UF students, faculty, and staff"
jbreeze,Jean Breeze,Caribbean review of books,Feburary,,1992,https://www.dloc.com/UF00094097/00003/images,dloc,
jbreeze,Jean Breeze,Kyk-over-Al,June,,1988,https://www.dloc.com/UF00080046/00026/images,dloc,
jdcosta,Jean D'Costa,Roger Mais : The hills were joyful together and Brother man,,,1978,https://www.dloc.com/AA00030554/00001/images,dloc,
jdcosta,Jean D'Costa,Caribbean Quarterly,June,,1970,https://www.dloc.com/UF00099208/00150/images,dloc,
jgoulbourne,Jean Goulbourne,Listing of Caribbean Titles 2005,,,2011,https://www.dloc.com/AA00013261/00001/pdf,dloc,
jgoulbourne,Jean Goulbourne,Listing of Caribbean Titles 2007,,,2010,https://www.dloc.com/AA00013495/00001/images,dloc,
jrhys,Jean Rhys,Creolizing womanhood,,,2000,https://www.dloc.com/AA00014530/00001/images,dloc,
jrhys,Jean Rhys,Woman version,,,1993,https://www.dloc.com/AA00052865/00001/images,dloc,
jrhys,Jean Rhys,CARIFESTA book fair highlights similarity of C'bean people,July,29,1981,https://www.dloc.com/CA00100170/00001/images,dloc,
jrhys,Jean Rhys,35th Annual West Indian Literature Conference : Archiving Caribbean Literature & Popular Culture (Conference Program),October,,2016,https://www.dloc.com/AA00048586/00001/pdf,dloc,
jrhys,Jean Rhys,West Indian social sciences index,,,1974,https://www.dloc.com/UF00072342/00001/images,dloc,
jrhys,Jean Rhys,The Creative Writer and West Indian society : Jamaica 1900-1950,,,1981,https://www.dloc.com/AA00035010/00001/pdf,dloc,
jrhys,Jean Rhys,Smile please : an unfinished autobiography,,,1981,https://www.dloc.com/AA00030410/00001/images,dloc,
jrhys,Jean Rhys,Wide Sargasso Sea,,,1966,https://www.dloc.com/AA00030636/00001/images,dloc,
jrhys,Jean Rhys,Critical Studies of Caribbean Writers: Jean Rhys,,,1978,https://www.dloc.com/AA00030411/00001/images,dloc,
jrhys,Jean Rhys,Unhomely Homes,,,2008,https://www.dloc.com/UFE0022408/00001/images,dloc,
jrhys,Jean Rhys,Voyage in the dark,,,1967,https://www.dloc.com/AA00030635/00001/images,dloc,
jrhys,Jean Rhys,"Good morning, midnight",,,1967,https://www.dloc.com/AA00030634/00001/images,dloc,
jrhys,Jean Rhys,Wide Sargasso Sea,,,1967,https://www.dloc.com/AA00030637/00001/images,dloc,
jrhys,Jean Rhys,Meditation on red,,,2012,https://www.dloc.com/AA00061848/00001/pdf,dloc,
jrhys,Jean Rhys,The Caribbean writer,,,1997,https://www.dloc.com/AA00032523/00011/images,dloc,
jrhys,Jean Rhys,"Sargasso, A Journal of Caribbean Literature, Language, and Culture",March,25,1987,https://www.dloc.com/UF00096005/00025/images,dloc,
jrhys,Jean Rhys,Caribbean Quarterly,March,,2000,https://www.dloc.com/UF00099208/00067/images,dloc,
jchillhouse,Joanne C. Hillhouse,Caribbean beat,November,,2012,https://www.dloc.com/AA00090268/00008/pdf,dloc,
jchillhouse,Joanne C. Hillhouse,Caribbean beat,March,,2016,https://www.dloc.com/AA00090268/00028/pdf,dloc,
jhearne,John Hearne,The candywine development,,,1970,https://www.dloc.com/AA00030556/00001/images,dloc,
jhearne,John Hearne,Land of the living,,,1961,https://www.dloc.com/AA00030548/00001/images,dloc,
jhearne,John Hearne,The faces of love,,,1957,https://www.dloc.com/AA00030547/00001/images,dloc,
jhearne,John Hearne,The eye of the storm,,,1957,https://www.dloc.com/AA00030546/00001/images,dloc,
jhearne,John Hearne,Voices under the window,,,1955,https://www.dloc.com/AA00030549/00001/images,dloc,
jhearne,John Hearne,The autumn equinox,,,1959,https://www.dloc.com/AA00030545/00001/images,dloc,
jhusband,Joseph Husband,Black shack alley,,,1980,https://www.dloc.com/AA00030371/00001/images,dloc,
jhusband,Joseph Husband,"Le Progressiste
organe du Parti progressiste martiniquais",June,22,1994,https://www.dloc.com/AA00053606/00021/images,dloc,
jhusband,Joseph Husband,"Le Progressiste
organe du Parti progressiste martiniquais",May,12,1982,https://www.dloc.com/AA00053606/00859/images,dloc,
jaalix,Juan Antonio Alix,Decimas ineditas,,,2006,https://www.dloc.com/CA00800018/00001/images,dloc,
jaalix,Juan Antonio Alix,Notas acerca de la poesía dominicana,,,1947,https://www.dloc.com/UF00076947/00001/images,dloc,
jaalix,Juan Antonio Alix,Eme Eme : Estudios Dominicanos,September,,1985,https://www.dloc.com/PUCMMA0011/00082/images,dloc,
jdiaz,Junot Diaz,"Sargasso, A Journal of Caribbean Literature, Language, and Culture",,,1984,https://www.dloc.com/UF00096005/00033/images,dloc,
jdiaz,Junot Diaz,La Union Europea,,,2004,https://www.dloc.com/CA00800001/00001/images,dloc,
kcraig,Karl Craig,Karl 'Jerry' Carl Original Paintings & Giclee Prints,,,,https://www.dloc.com/AA00079502/00008/images,dloc,
kcraig,Karl Craig,Karl 'Jerry' Carl Original Paintings ,,,,https://www.dloc.com/AA00079502/00009/images,dloc,
kcraig,Karl Craig,Karl 'Jerry' Carl Biography With Profile Photo,,,,https://www.dloc.com/AA00079502/00003/images,dloc,
kcraig,Karl Craig,Karl 'Jerry' Carl Biography ,,,,https://www.dloc.com/AA00079502/00001/images,dloc,
kcraig,Karl Craig,Breaklight : an anthology of Caribbean poetry,,,1971,https://www.dloc.com/AA00030696/00001/images,dloc,
kmiller,Kei Miller,Journal of eastern Caribbean studies,April,,2016,https://www.dloc.com/AA00088162/00012/pdf,dloc,
kmiller,Kei Miller,Jamaica journal,,,2015,https://www.dloc.com/UF00090030/00091/images,dloc,
kmiller,Kei Miller,SASOD at CARIFESTA 10,August,24,2008,https://www.dloc.com/AA00089968/00001/images,dloc,
khippolyte,Kendel Hippolyte,,,,,,dloc,
khippolyte,Kendel Hippolyte,,,,,,dloc,
khippolyte,Kendel Hippolyte,Caribbean Quarterly,March,,1976,https://www.dloc.com/UF00099208/00002/images,dloc,"Access to this item is restricted to UF students, faculty, and staff"
khippolyte,Kendel Hippolyte,Caribbean beat,May,,2016,https://www.dloc.com/AA00090268/00029/pdf,dloc,
khippolyte,Kendel Hippolyte,Caribbean beat,May,,2019,https://www.dloc.com/AA00090268/00047/pdf,dloc,
khippolyte,Kendel Hippolyte,Kyk-over-Al,June,,1988,https://www.dloc.com/UF00080046/00026/images,dloc,
khippolyte,Kendel Hippolyte,Launch of book on St Lucian literature,September,29,2006,https://www.dloc.com/CA00100293/00001/images,dloc,
kmars,Kettly Mars,"Rencontre avec Kettly Mars, poete et romanciere haitienne",March,9,2010,https://www.dloc.com/MANIOC1166/00001/downloads,dloc,
kmars,Kettly Mars,"Entre Nous : « Soleils Contraires » , Kettly P. Mars",June,26,1997,https://www.dloc.com/AA00073481/00001/audios,dloc,
kmars,Kettly Mars,Haïti en marche,September,25,2002,https://www.dloc.com/UF00098809/00130/images,dloc,
kbaldeosingh,Kevin Baldeosingh,The Caribbean writer,,,1997,https://www.dloc.com/AA00032523/00011/images,dloc,
kbaldeosingh,Kevin Baldeosingh,Caribbean beat,September,,2011,https://www.dloc.com/AA00090268/00001/pdf,dloc,
lhonychurch,Lennox Honychurch,The Caribbean People : Book One,,,1979,https://www.dloc.com/AA00030463/00001/images,dloc,
lhonychurch,Lennox Honychurch,"Star (Roseau, Dominica)",April,11,1975,https://www.dloc.com/UF00072476/00853/images,dloc,
lhonychurch,Lennox Honychurch,"Star (Roseau, Dominica)",October,14,1977,https://www.dloc.com/UF00072476/00572/images,dloc,
lhonychurch,Lennox Honychurch,Caribbean beat,November,,2011,https://www.dloc.com/AA00090268/00002/pdf,dloc,
lhonychurch,Lennox Honychurch,"Pre-Columbian Regional Community Integration in Dominica, West Indies",,,2014,https://www.dloc.com/UFE0046963/00001/pdf,dloc,
lpfuentes,Leonardo Padura Fuentes,"La Bifurcacion De La Ciudad Neobarroca Hispano Caribena: La Habana, San Juan Y Santo Domingo Como Espacios Carnavalescos Y Contranarrativos En Seis Novelas Del Caribe Hispano",,,2017,https://www.dloc.com/AA00054324/00069/pdf,dloc,
lpfuentes,Leonardo Padura Fuentes,Vanguardia,September,19,2015,https://www.dloc.com/AA00054324/00069/pdf,dloc,
lpfuentes,Leonardo Padura Fuentes,OnCuba travel,August,,2018,https://www.dloc.com/AA00069209/00004/pdf,dloc,
lpfuentes,Leonardo Padura Fuentes,Vanguardia,September,26,2015,https://www.dloc.com/AA00054324/00070/pdf,dloc,
lpfuentes,Leonardo Padura Fuentes,Kesher,June,1,2014,https://www.dloc.com/AA00065679/00158/images,dloc,
lfmanigat,Leslie Francois Manigat,The More things change : human rights in Haiti,February,,1989,https://www.dloc.com/AA00000867/00001/images,dloc,
lfmanigat,Leslie Francois Manigat,Report on the situation regarding human rights in Haiti,September,7,1988,https://www.dloc.com/AA00001063/00003/images,dloc,
lfmanigat,Leslie Francois Manigat,"Report on the situation of human rights in Haiti / vi, 210 p. ; 28 cm., Organization of American States",September,7,1988,https://www.dloc.com/AA00001060/00001/images,dloc,
lfmanigat,Leslie Francois Manigat,Mesaj Leslie Manigat,February,7,1989,https://www.dloc.com/AA00074649/00001/audios,dloc,
lfmanigat,Leslie Francois Manigat,Leslie Manigat,February,7,1990,https://www.dloc.com/AA00072982/00001/audios,dloc,
lfmanigat,Leslie Francois Manigat,"Leslie Manigat, deux ans après son retour",April,26,1988,https://www.dloc.com/AA00072606/00001/audios,dloc,
lfmanigat,Leslie Francois Manigat,"Conference de presse, President Leslie Manigat",April,21,1988,https://www.dloc.com/AA00075139/00001/audios,dloc,
lfmanigat,Leslie Francois Manigat,Ceremonie d'investiture de Leslie Manigat (3),February,7,1988,https://www.dloc.com/AA00072815/00001/audios,dloc,
lfmanigat,Leslie Francois Manigat,Zafè Manigat,August,1,1990,https://www.dloc.com/AA00075379/00001/audios,dloc,
lfmanigat,Leslie Francois Manigat,"Ti koze anba tonèl, konferans pou laprès prezidan Leslie Manigat",June,16,1988,https://www.dloc.com/AA00075271/00001/audios,dloc,
ldaisley,Liesel Daisley,The Barbados advocate,December,31,2015,https://www.dloc.com/UF00098964/03887/pdf,dloc,
ldaisley,Liesel Daisley,The Barbados advocate,December,7,2015,https://www.dloc.com/UF00098964/03864/pdf,dloc,
lbarrett,Lindsay Barrett,Song for Mumu : a novel,,,1967,https://www.dloc.com/AA00030538/00001/images,dloc,
lbarrett,Lindsay Barrett,The State of black desire,,,1966,https://www.dloc.com/AA00030539/00001/images,dloc,
lbarrett,Lindsay Barrett,Caribbean Quarterly,December,,1967,https://www.dloc.com/UF00099208/00142/images,dloc,
lgoodison,Lorna Goodison,Caribe 2000,,,1999,https://www.dloc.com/UF00102125/00001/images,dloc,
lgoodison,Lorna Goodison,The CARIFESTA organisation,July,23,1976,https://www.dloc.com/CA00100073/00001/images,dloc,
lgoodison,Lorna Goodison,Horizons : 26th West Indian Literature Conference,March,8,2007,https://www.dloc.com/CA00299029/00001/images,dloc,
lgoodison,Lorna Goodison,"Sargasso, A Journal of Caribbean Literature, Language, and Culture",,,2001,https://www.dloc.com/UF00096005/00022/images,dloc,
lgoodison,Lorna Goodison,"Sargasso, A Journal of Caribbean Literature, Language, and Culture",,,1998,https://www.dloc.com/UF00096005/00029/images,dloc,
lgoodison,Lorna Goodison,Oranges and Mangoes and the 2014 OCM Bocas Prize,May,18,2014,https://www.dloc.com/AA00025661/00001/pdf,dloc,
lgoodison,Lorna Goodison,"Sargasso, A Journal of Caribbean Literature, Language, and Culture",,,1997,https://www.dloc.com/UF00096005/00008/images,dloc,
lgoodison,Lorna Goodison,"Sargasso, A Journal of Caribbean Literature, Language, and Culture",,,2006,https://www.dloc.com/UF00096005/00019/images,dloc,
lgoodison,Lorna Goodison,Horizons : 26th West Indian Literature Conference,March,8,2010,https://www.dloc.com/CA00299029/00001/images,dloc,
lgoodison,Lorna Goodison,"Archived Web Content on July 9, 2021: Olive Senior's Gardening in the Tropics, by Hyacinth M. Simpson",July,9,2021,https://www.dloc.com/AA00083022/00001/pdf,dloc,
lpdalembert,Louis-Philippe Dalembert,"Entre Nous : « Le crayon du Bon Dieu n’a pas de gomme » , Louis Philippe Dalembert",December,22,1996,https://www.dloc.com/AA00073467/00001/audios,dloc,
lpdalembert,Louis-Philippe Dalembert,Haïti en marche,January,14,2004,https://www.dloc.com/UF00098809/00245/images,dloc,
lpdalembert,Louis-Philippe Dalembert,Haïti en marche,June,14,2017,https://www.dloc.com/UF00098809/00770/pdf,dloc,
lbennett,Louise Bennett,Louise Bennett at Carifesta,August,24,1972,https://www.dloc.com/CA00199978/00001/images,dloc,
lbennett,Louise Bennett,Louise Bennett due tonight,August,22,1972,https://www.dloc.com/CA00199762/00001/images,dloc,
lbennett,Louise Bennett,Anthology of the poetry of the West Indies,,,1950,https://www.dloc.com/CA01300005/00001/images,dloc,
lbennett,Louise Bennett,The Creative Writer and West Indian society,,,1981,https://www.dloc.com/AA00035010/00001/pdf,dloc,
lbennett,Louise Bennett,CARIFESTA clearing house established,July,6,1972,https://www.dloc.com/CA00199671/00001/images,dloc,
lbennett,Louise Bennett,Now a cultural federation,September,10,1972,https://www.dloc.com/CA00199960/00001/images,dloc,
lbennett,Louise Bennett,"Petticoat page: Gosh Miss Lou, we love you!",August,27,1972,https://www.dloc.com/CA00199845/00001/images,dloc,
lbennett,Louise Bennett,Tapia,,,1969,https://www.dloc.com/UF00072147/00042/images,dloc,
mmontano,Machel Montano,UWI today,March,13,2016,https://www.dloc.com/UF00094180/00081/pdf,dloc,
mmontano,Machel Montano,Guns Don't Globalize... Lazers Do,,,2018,https://www.dloc.com/UFE0052325/00001/pdf,dloc,
mmontano,Machel Montano,Caribbean beat,January,,2018,https://www.dloc.com/AA00090268/00039/pdf,dloc,
mmontano,Machel Montano,UWI today,August,14,2022,https://www.dloc.com/UF00094180/00130/pdf,dloc,
mmontano,Machel Montano,Caribbean beat,January,,2012,https://www.dloc.com/AA00090268/00003/pdf,dloc,
mdas,Mahadai Das,Kyk-over-Al,December,,1987,https://www.dloc.com/UF00080046/00025/images,dloc,
mdas,Mahadai Das,Kyk-over-Al,December,,1989,https://www.dloc.com/UF00080046/00028/images,dloc,
mdas,Mahadai Das,Guyana chronicle,Feburary,20,2005,https://www.dloc.com/UF00088915/00006/images,dloc,
mzolivella,Manuel Zapata Olivella,"Afro-Cuban religious experience
cultural reflections in narrative",,,2017,https://www.dloc.com/AA00061989/00001/pdf,dloc,
mzolivella,Manuel Zapata Olivella,Literatura colombiana,August,25,1969,https://www.dloc.com/UF00078503/00001/images,dloc,
mvchauvet,Marie Vieux Chauvet,Amour Colère et Folie: Claire Clamont,July,24,2016,https://www.dloc.com/AA00079184/00001/downloads,dloc,DLOC error : There are no files available for download
mvchauvet,Marie Vieux Chauvet,Haïti en marche,August,26,2015,https://www.dloc.com/UF00098809/00677/pdf,dloc,
mmcwatt,Mark McWatt,Horizons : 26th West Indian Literature Conference,,,2007,https://www.dloc.com/CA00299029/00001/images,dloc,
mmcwatt,Mark McWatt,Latinamericanist,December,,1987,https://www.dloc.com/UF00066464/00131/images,dloc,
mmcwatt,Mark McWatt,Kyk-over-Al,December,,1987,https://www.dloc.com/UF00080046/00025/images,dloc,
mjames,Marlon James,35th Annual West Indian Literature Conference : Archiving Caribbean Literature & Popular Culture (Conference Program),October,6,2016,https://www.dloc.com/AA00048586/00001/pdf,dloc,
mjames,Marlon James,Caribbean beat,November,,2014,https://www.dloc.com/AA00090268/00020/pdf,dloc,
mconde,Maryse Condé,Inter-Actualites Magazine: Maryse Conde (2),June,12,1987,https://www.dloc.com/AA00072728/00001/audios,dloc,
mconde,Maryse Condé,Entre Nous : Livre « La traversee de la mangrove » de Maryse Conde (2),May,27,1990,https://www.dloc.com/AA00073400/00001/audios,dloc,
mconde,Maryse Condé,Entre Nous: Livre « La traversee de la mangrove » de Maryse Conde (1),May,27,1990,https://www.dloc.com/AA00073399/00001/audios,dloc,
mconde,Maryse Condé,"Entre Nous : « Celanire cou-coupe » , Maryse Conde (1)",January,7,2001,https://www.dloc.com/AA00073664/00001/audios,dloc,
mconde,Maryse Condé,"Entre Nous : « Celanire cou-coupe » , Maryse Conde",January,7,2001,https://www.dloc.com/AA00073665/00001/audios,dloc,
mheurtelou,Maude Heurtelou,Lafami Bonplezi,,,1994,https://www.dloc.com/AA00025854/00001/images,dloc,
mheurtelou,Maude Heurtelou,Fòm kare,,,2012,https://www.dloc.com/AA00027451/00014/images,dloc,
mheurtelou,Maude Heurtelou,Kòn ak Kònè,,,2012,https://www.dloc.com/AA00027451/00017/images,dloc,
mwlewis,Maureen Warner-Lewis,Caribbean Quarterly,March,,1998,https://www.dloc.com/UF00099208/00062/images,dloc,"Access to this item is restricted to UF students, faculty, and staff"
mwlewis,Maureen Warner-Lewis,Caribbean Quarterly,September,,1993,https://www.dloc.com/UF00099208/00050/images,dloc,
mwlewis,Maureen Warner-Lewis,Maureen Warner-Lewis Lecture: The Kongo Impact on Caribbean Culture (Part 1),,,2016,https://www.dloc.com/AA00056853/00001/downloads,dloc,
mwlewis,Maureen Warner-Lewis,Maureen Warner-Lewis Lecture: The Kongo Impact on Caribbean Culture (Part 2),,,2016,https://www.dloc.com/AA00056855/00001/downloads,dloc,
mjin,Meiling Jin,"Digital Library of the Caribbean (dLOC): Partners, Platforms, & Practices for Studies of the Caribbean in the Digital Age",September,26,2019,https://www.dloc.com/AA00068846/00003/pdf,dloc,
mjin,Meiling Jin,Digital Library of the Caribbean (dLOC): Resources and Platform for African American Studies,,,2019,https://www.dloc.com/AA00069130/00001/pdf,dloc,
mjin,Meiling Jin,Caribbean Compass,Feburary,,2013,https://www.dloc.com/UF00095627/00072/pdf,dloc,
mcollins,Merle Collins,Woman version,,,1993,https://www.dloc.com/AA00052865/00001/images,dloc,
mcollins,Merle Collins,"Caribbean creolization
reflections on the cultural dynamics of language, literature, and identity",,,2017,https://www.dloc.com/AA00061374/00001/pdf,dloc,
mcollins,Merle Collins,"Companion Programme, Biographies and Abstracts: 35th Annual West Indian Literature Conference (WILC): Archiving Caribbean Literature & Popular Culture",October,6,2016,https://www.dloc.com/AA00048586/00002/pdf,dloc,
mcollins,Merle Collins,Caribbean Quarterly,June,,1995,https://www.dloc.com/UF00099208/00055/images,dloc,"Access to this item is restricted to UF students, faculty, and staff"
mcollins,Merle Collins,MaComère,,,2002,https://www.dloc.com/AA00000079/00006/images,dloc,
mcollins,Merle Collins,"Caribbean creolization
reflections on the cultural dynamics of language, literature, and identity",,,2017,https://www.dloc.com/AA00061374/00001/pdf,dloc,
mhodge,Merle Hodge,"Teaching Merle Hodge’s Crick Crack, Monkey: A Lesson Plan",June,,2010,https://www.dloc.com/UF00103096/00001/images,dloc,
mhodge,Merle Hodge,"Crick crack, monkey",,,1970,https://www.dloc.com/AA00030610/00001/images,dloc,
mhodge,Merle Hodge,"Sargasso, A Journal of Caribbean Literature, Language, and Culture",,,2004,https://www.dloc.com/UF00096005/00015/images,dloc,
mhodge,Merle Hodge,The Caribbean writer,,,1997,https://www.dloc.com/AA00032523/00011/images,dloc,
mhodge,Merle Hodge,MaComère,,,1998,https://www.dloc.com/AA00000079/00002/images,dloc,
mhodge,Merle Hodge,Official gazette,March,19,1981,https://www.dloc.com/UF00082876/00129/images,dloc,
mmorris,Mervyn Morris,Seven Jamaican poets : an anthology of recent poetry,,,1971,https://www.dloc.com/AA00030529/00001/images,dloc,
mmorris,Mervyn Morris,Jamaica woman : an anthology of poems,,,1980,https://www.dloc.com/AA00030527/00001/images,dloc,
mmorris,Mervyn Morris,Jamaica journal,May,1,2018,https://www.dloc.com/UF00090030/00093/images,dloc,
mmorris,Mervyn Morris,Tapia,,,1969,https://www.dloc.com/UF00072147/00153/images,dloc,
mmorris,Mervyn Morris,Now,,,1974,https://www.dloc.com/AA00061645/00004/pdf,dloc,
mmorris,Mervyn Morris,Island Hopping: Over 20 Years of Pamela Mordecai’s Poetry Recorded,September,4,2016,https://www.dloc.com/AA00048268/00001/pdf,dloc,"Author is Mervyn Morris, however dloc states Pamela Mordecai."
mmorris,Mervyn Morris,Caribbean Quarterly,March,,1992,https://www.dloc.com/UF00099208/00045/images,dloc,"Access to this item is restricted to UF students, faculty, and staff"
mmorris,Mervyn Morris,The Caribbean writer,,,2001,https://www.dloc.com/AA00032523/00015/images,dloc,
mmorris,Mervyn Morris,Jamaica journal,,,2015,https://www.dloc.com/UF00090030/00091/images,dloc,
mmorris,Mervyn Morris,The Creative Writer and West Indian society,,,1981,https://www.dloc.com/AA00035010/00001/pdf,dloc,
mmorris,Mervyn Morris,Representations of women in selected works of Herbert George De Lisser (1878-1944),July,,2013,https://www.dloc.com/AA00039783/00001/pdf,dloc,
mmorris,Mervyn Morris,Caribbean Quarterly,December,,1976,https://www.dloc.com/UF00099208/00004/images,dloc,"Access to this item is restricted to UF students, faculty, and staff"
mmorris,Mervyn Morris,Creolizing womanhood,,,2000,https://www.dloc.com/AA00014530/00001/images,dloc,
mthelwell,Michael Thelwell,"Scenes of Trauma
Violent Rites, Migration and the Performance of Afro-Caribbean Masculinities",,,2010,https://www.dloc.com/UFE0041623/00001/images,dloc,
mthelwell,Michael Thelwell,Teaching Folk Culture: Images of the Nine Night Traditional Ritual in Zee Edgell’s Beka Lamb and Michelle Cliff’s Abeng,July,,2010,https://www.dloc.com/UF00103097/00001/images,dloc,
mmphilip,Michel Maxwell Philip,Murder most foul,,,2013,https://www.dloc.com/AA00062645/00001/images,dloc,
mmphilip,Michel Maxwell Philip,"Emmanuel Appadocca; or, Blighted Life. A tale of the Boucaneers",,,,https://www.dloc.com/AA00014504/00002/pdf,dloc,
mcliff,Michelle Cliff,"Companion Programme, Biographies and Abstracts: 35th Annual West Indian Literature Conference (WILC): Archiving Caribbean Literature & Popular Culture",October,6,2016,https://www.dloc.com/AA00048586/00002/pdf,dloc,
mcliff,Michelle Cliff,Woman version,,,1993,https://www.dloc.com/AA00052865/00001/images,dloc,
mcliff,Michelle Cliff,35th Annual West Indian Literature Conference : Archiving Caribbean Literature & Popular Culture (Conference Program),October,6,2016,https://www.dloc.com/AA00048586/00001/pdf,dloc,
mcliff,Michelle Cliff,Horizons : 26th West Indian Literature Conference,March,8,2007,https://www.dloc.com/CA00299029/00001/images,dloc,
mcliff,Michelle Cliff,Grassroots MBA’s: women as entrepreneurs in Negril,May,28,2001,https://www.dloc.com/CA00400223/00001/images,dloc,
mcliff,Michelle Cliff,"Caribbean creolization
reflections on the cultural dynamics of language, literature, and identity",,,2017,https://www.dloc.com/AA00061374/00001/pdf,dloc,
mcliff,Michelle Cliff,Dissimulating Women: Jamaica Kincaid's Annie John and Autobiography of My Mother,,,2005,https://www.dloc.com/UFE0010833/00001/images,dloc,
mcliff,Michelle Cliff,MaComère,,,2001,https://www.dloc.com/AA00000079/00005/images,dloc,
mcliff,Michelle Cliff,"Limbo, Literature and All That Jazz: Caribbean Literature",,,2010,https://www.dloc.com/AA00017809/00001/pdf,dloc,
mcliff,Michelle Cliff,"Sargasso, A Journal of Caribbean Literature, Language, and Culture",,,1987,https://www.dloc.com/UF00096005/00003/images,dloc,
maasturias,Miguel Ángel Asturias,El Libro del consejo,,,1939,https://www.dloc.com/UF00081327/00001/images,dloc,
maasturias,Miguel Ángel Asturias,Leyendas de Guatemala,,,1948,https://www.dloc.com/UF00078366/00001/images,dloc,
maasturias,Miguel Ángel Asturias,La tierra del quetzal,,,1950,https://www.dloc.com/UF00078300/00001/images,dloc,
maasturias,Miguel Ángel Asturias,Compendio de literatura y artes de Guatemala,,,1956,https://www.dloc.com/AA00089882/00001/images,dloc,
mrosello,Mireille Rosello,MaComère,,,1999,https://www.dloc.com/AA00000079/00003/images,dloc,
mrosello,Mireille Rosello,Sargasso,,,2003,https://www.dloc.com/UF00096005/00012/images,dloc,
mroffey,Monique Roffey,Caribbean Compass,November,,2013,https://www.dloc.com/UF00095627/00081/pdf,dloc,
mroffey,Monique Roffey,The Barbados advocate,March,12,2021,https://www.dloc.com/UF00098964/05781/pdf,dloc,
mwvieyra,Myriam Warner-Vieyra,MaComère,,,2004,https://www.dloc.com/AA00000079/00007/images,dloc,
mwvieyra,Myriam Warner-Vieyra,"Sargasso, A Journal of Caribbean Literature, Language, and Culture",,,2010,https://www.dloc.com/UF00096005/00034/images,dloc,
mwvieyra,Myriam Warner-Vieyra,MaComère,,,1999,https://www.dloc.com/AA00000079/00003/images,dloc,
ndawes,Neville Dawes,Now,,,1973,https://www.dloc.com/AA00061645/00001/pdf,dloc,
ndawes,Neville Dawes,"Interview with Neville Dawes, Deputy Secretary General of CARIFESTA '76 and Manager of the Jamaica Institute",July,,1976,https://www.dloc.com/CA00100202/00001/images,dloc,